{
  "MMM": 0.0012014186568050406,
  "AOS": 0.00013384265038897614,
  "ABT": 0.002467142856648756,
  "ABBV": 0.005489238031835044,
  "ACN": 0.001791945360064153,
  "ADBE": 0.0014860554733030402,
  "AMD": 0.0066368653349996145,
  "AES": 0.00015145072407720173,
  "AFL": 0.0008859235706959699,
  "APD": 0.0009548140585858208,
  "ABNB": 0.0012486721864146592,
  "AKAM": 0.00020858248383937085,
  "ALB": 0.0003395091068973091,
  "ARE": 0.0001240886139941181,
  "ALGN": 0.00020286331619094567,
  "ALLE": 0.00018409188078266083,
  "LNT": 0.0002738432061805498,
  "ALL": 0.0008228487787746878,
  "GOOGL": 0.05990666725996872,
  "GOOG": 0.05942531366579607,
  "MO": 0.0015777487169545317,
  "AMZN": 0.040077455755168086,
  "AMCR": 0.00028483862383646777,
  "AEE": 0.0004524417685199061,
  "AEP": 0.0010607058663522214,
  "AXP": 0.00339832876715789,
  "AIG": 0.0006221962918974329,
  "AMT": 0.0012406140864482408,
  "AWK": 0.00037140534162563614,
  "AMP": 0.0006306193350704747,
  "AME": 0.0007939824808093935,
  "AMGN": 0.0028024631155898834,
  "APH": 0.0027266547647564177,
  "ADI": 0.00263610121684743,
  "AON": 0.0010573945540466396,
  "APA": 0.0001778542718559075,
  "APO": 0.0010617684597231216,
  "AAPL": 0.05857572395622465,
  "AMAT": 0.00456925926979246,
  "APP": 0.0023944842760224893,
  "APTV": 0.0002263829977097641,
  "ACGL": 0.0005117696377787223,
  "ADM": 0.00047032488777828507,
  "ARES": 0.0005810569442706333,
  "ANET": 0.0029998192054409307,
  "AJG": 0.0008442315758830033,
  "AIZ": 0.00016668964396402463,
  "T": 0.0027208683580662975,
  "ATO": 0.00044849724847685987,
  "ADSK": 0.0007647604414025736,
  "ADP": 0.0011878959112156468,
  "AZO": 0.0008738993295456382,
  "AVB": 0.00035803923654079915,
  "AVY": 0.00019518044375684807,
  "AXON": 0.000478571654000336,
  "BKR": 0.0008645542454528958,
  "BALL": 0.00025399851718657017,
  "BAC": 0.005675736760577767,
  "BAX": 0.0001422428695760402,
  "BDX": 0.000845822759537854,
  "BBY": 0.00019942774998541596,
  "TECH": 0.00013676559407940127,
  "BIIB": 0.00038223263160618894,
  "BLK": 0.0024204277205107415,
  "BX": 0.0023594497281866442,
  "XYZ": 0.0006347429286793947,
  "BK": 0.0013723069819840282,
  "BA": 0.002616453944807264,
  "BKNG": 0.0022269640374383143,
  "BSX": 0.0014048847186810191,
  "BMY": 0.0017987486520109621,
  "AVGO": 0.0280653652650078,
  "BR": 0.0002761213647493188,
  "BRO": 0.0003417186431525057,
  "BLDR": 0.00014647153170539034,
  "BG": 0.00033844516032565926,
  "BXP": 0.00015091590906980254,
  "CHRW": 0.0003220109882877765,
  "CDNS": 0.0012658322153346676,
  "CPT": 0.0001580157925498125,
  "CPB": 9.304875236022269e-05,
  "COF": 0.001913047204399153,
  "CAH": 0.0007327064234668345,
  "CCL": 0.0006043507014065116,
  "CARR": 0.0007614067889490909,
  "CVNA": 0.001272090257592741,
  "CASY": 0.00040339461642328525,
  "CAT": 0.0054311555282617165,
  "CBOE": 0.00046268408485193845,
  "CBRE": 0.0006537632177055447,
  "CDW": 0.00025349341245340827,
  "COR": 0.0009164952624593876,
  "CNC": 0.0002798051380434666,
  "CNP": 0.00040990143712140445,
  "CF": 0.0002524624539089227,
  "CRL": 0.00013314793215965702,
  "SCHW": 0.002377009823390512,
  "CHTR": 0.00044713704115441463,
  "CVX": 0.00524025390527534,
  "CMG": 0.0007034137770520094,
  "CB": 0.0018920160590589863,
  "CHD": 0.00033733866310821413,
  "CIEN": 0.0010369042078682985,
  "CI": 0.001087032898146315,
  "CINF": 0.00037857895951093947,
  "CTAS": 0.001054627890007238,
  "CSCO": 0.004950384592260754,
  "C": 0.00339845434418746,
  "CFG": 0.00040641177295701553,
  "CLX": 0.0001896014376349614,
  "CME": 0.001517551491391869,
  "CMS": 0.00034749861462128297,
  "KO": 0.0047936139398629726,
  "CTSH": 0.0004356243098874599,
  "COHR": 0.0009267119281194317,
  "COIN": 0.0008345286453697912,
  "CL": 0.001012873046537231,
  "CMCSA": 0.0015893337993549024,
  "FIX": 0.0008383322821792325,
  "CAG": 0.00010446134677170148,
  "COP": 0.0020331281940885984,
  "ED": 0.0005888339994769082,
  "STZ": 0.00042176837620236846,
  "CEG": 0.0015683342888411504,
  "COO": 0.00020249096045132684,
  "CPRT": 0.00047466204653663136,
  "GLW": 0.002078506007032401,
  "CPAY": 0.00033954107250612915,
  "CTVA": 0.000788600169934254,
  "CSGP": 0.00024861128968204016,
  "COST": 0.00643203043538752,
  "CTRA": 0.0003318708900879508,
  "CRH": 0.0011710770091690676,
  "CRWD": 0.001579549015231899,
  "CCI": 0.0005664654708002742,
  "CSX": 0.001188420231399454,
  "CMI": 0.001257437559306241,
  "CVS": 0.0014469169382335819,
  "DHR": 0.0020380396512451066,
  "DRI": 0.000340978923480478,
  "DDOG": 0.0006491455554673547,
  "DVA": 0.0001446527547200081,
  "DECK": 0.0002396367420256864,
  "DE": 0.0023289325854490023,
  "DELL": 0.001902289799719539,
  "DAL": 0.0007142939320751828,
  "DVN": 0.00038808327022522696,
  "DXCM": 0.00035354829403503425,
  "FANG": 0.0007169391689006469,
  "DLR": 0.0010380335591428493,
  "DG": 0.00040459054517472,
  "DLTR": 0.0003062572657290857,
  "D": 0.0008035266959102326,
  "DPZ": 0.0001845892873071135,
  "DASH": 0.0011874052706949425,
  "DOV": 0.0004359760819401198,
  "DOW": 0.0003729372550876512,
  "DHI": 0.000647764689280131,
  "DTE": 0.00044534780905206695,
  "DUK": 0.0014449044580786656,
  "DD": 0.00028623013520292216,
  "ETN": 0.002309520589912513,
  "EBAY": 0.000691487387351443,
  "SATS": 0.0005693516976436916,
  "ECL": 0.0011483113611790957,
  "EIX": 0.00039694285596011394,
  "EW": 0.000692472276928184,
  "EA": 0.0007484256243708447,
  "ELV": 0.0010399387455138802,
  "EME": 0.0005303134798564758,
  "EMR": 0.0011998991025765392,
  "ETR": 0.0007715772052146239,
  "EOG": 0.0009886523769589532,
  "EPAM": 0.00010406243822626126,
  "EQT": 0.0005244968216118185,
  "EFX": 0.00034547395565961964,
  "EQIX": 0.0015735438110161203,
  "EQR": 0.000356149416516059,
  "ERIE": 0.00018914283790089664,
  "ESS": 0.00025789567520337776,
  "EL": 0.00041220990738696615,
  "EG": 0.00020744780997520473,
  "EVRG": 0.00027655658418154197,
  "ES": 0.00037791375609352716,
  "EXC": 0.0006937830172454467,
  "EXE": 0.0003376967200265781,
  "EXPE": 0.00048178980595208463,
  "EXPD": 0.0002876383059741614,
  "EXR": 0.00047049629320657717,
  "XOM": 0.00874489276958692,
  "FFIV": 0.00025676488051469407,
  "FDS": 0.00012610062804655387,
  "FICO": 0.0003785795308623671,
  "FAST": 0.0007697093070420285,
  "FRT": 0.00014288594064341338,
  "FDX": 0.001354699494682794,
  "FIS": 0.00037147823403935193,
  "FITB": 0.0006707440227040405,
  "FSLR": 0.00030402616847527756,
  "FE": 0.0004220034722792786,
  "FISV": 0.0005015217883591802,
  "F": 0.0007636318118350894,
  "FTNT": 0.0008966784494008513,
  "FTV": 0.0002826108344067144,
  "FOXA": 0.0004065939137779217,
  "FOX": 0.00040053148420599575,
  "BEN": 0.00020861693031623202,
  "FCX": 0.0014724390260795134,
  "GRMN": 0.0007654274190165244,
  "IT": 0.00016111302849679572,
  "GE": 0.0048006630933504334,
  "GEHC": 0.000504594305839136,
  "GEV": 0.003944941760542092,
  "GEN": 0.00018273689080088376,
  "GNRC": 0.00018342326429224656,
  "GD": 0.0013380991495928513,
  "GIS": 0.0002790054264715366,
  "GM": 0.0011224314269126946,
  "GPC": 0.0002350494215554169,
  "GILD": 0.002513564739148753,
  "GPN": 0.0002966069897605999,
  "GL": 0.00017446642853014964,
  "GDDY": 0.00016989635385165655,
  "GS": 0.004023113702018323,
  "HAL": 0.0004487490340296827,
  "HIG": 0.0005659220253792049,
  "HAS": 0.00020090604662661616,
  "HCA": 0.0016028976822470863,
  "DOC": 0.00017594471013578596,
  "HSIC": 0.0001336603291413033,
  "HSY": 0.0005778334998003971,
  "HPE": 0.0005101181915838193,
  "HLT": 0.001151673313263843,
  "HD": 0.005103265243570136,
  "HON": 0.002188960386730916,
  "HRL": 0.00017080941853971762,
  "HST": 0.00021524719299384932,
  "HWM": 0.0015106222615619569,
  "HPQ": 0.0002683652991902277,
  "HUBB": 0.0004196518800164939,
  "HUM": 0.00035673144319405795,
  "HBAN": 0.0005043057132259221,
  "HII": 0.00022790186030232674,
  "IBM": 0.0034896923109645054,
  "IEX": 0.00022488228304281096,
  "IDXX": 0.0006902385935573876,
  "ITW": 0.0011521704491481459,
  "INCY": 0.0002838296773575103,