{
  "MMM": 0.0012322829778830188,
  "AOS": 0.00014690287998730302,
  "ABT": 0.0028741200233353722,
  "ABBV": 0.006197258399312093,
  "ACN": 0.001965956470733286,
  "ADBE": 0.00159629652001702,
  "AMD": 0.0053432178867960445,
  "AES": 0.00016185829085482457,
  "AFL": 0.0009263235824295216,
  "A": 0.000519349561320004,
  "APD": 0.0010419728122810425,
  "ABNB": 0.0012196204265902827,
  "AKAM": 0.00026807392065311556,
  "ALB": 0.000340952083891343,
  "ARE": 0.00012959714412400647,
  "ALGN": 0.0001981524840592543,
  "ALLE": 0.00020163181857988004,
  "LNT": 0.00029726536472818614,
  "ALL": 0.000866904452601504,
  "GOOGL": 0.05603985280839566,
  "GOOG": 0.05590343420454261,
  "MO": 0.0017845744536274502,
  "AMZN": 0.03601773363788838,
  "AMCR": 0.00029587814435159444,
  "AEE": 0.0004894903075212358,
  "AEP": 0.0011478298090228346,
  "AXP": 0.003345801345713731,
  "AIG": 0.0006541088191800855,
  "AMT": 0.001301557027371579,
  "AWK": 0.00042812937929945184,
  "AMP": 0.0006651311603743133,
  "AME": 0.000791032082760108,
  "AMGN": 0.003055565782765509,
  "APH": 0.0025020379962673403,
  "ADI": 0.002502134071654693,
  "AON": 0.0011176481483953537,
  "APA": 0.00024151838005392952,
  "APO": 0.0010418333841948637,
  "AAPL": 0.060092650494451894,
  "AMAT": 0.004369756459630607,
  "APP": 0.002166869637497466,
  "APTV": 0.00023843402029281402,
  "ACGL": 0.0005509339160042513,
  "ADM": 0.0005643103351390726,
  "ARES": 0.000581617893861281,
  "ANET": 0.002490820930850531,
  "AJG": 0.0008970388673654241,
  "AIZ": 0.00017572866351359926,
  "T": 0.0032694361935970938,
  "ATO": 0.0004923143366354052,
  "ADSK": 0.0008176187026913293,
  "ADP": 0.0013238392587946982,
  "AZO": 0.000901545436496362,
  "AVB": 0.00037261275120297583,
  "AVY": 0.00021397122070317015,
  "AXON": 0.0005500552815122897,
  "BKR": 0.0009753981116563747,
  "BALL": 0.00025344471080027706,
  "BAC": 0.005636235676826919,
  "BAX": 0.00013972117879683976,
  "BDX": 0.0009176745540491106,
  "BBY": 0.00021671182721537472,
  "TECH": 0.0001317179373650379,
  "BIIB": 0.00043343873219586624,
  "BLK": 0.0024098019292014654,
  "BX": 0.0022642020551586735,
  "XYZ": 0.0005891247073000184,
  "BK": 0.0013327098676357758,
  "BA": 0.002519682346732027,
  "BKNG": 0.0021863396842652276,
  "BSX": 0.0015023618453816154,
  "BMY": 0.0019948998410317404,
  "AVGO": 0.023640711005950294,
  "BR": 0.000305592580152471,
  "BRO": 0.0003576186231420963,
  "BLDR": 0.00014669792795906283,
  "BG": 0.0003965329492059426,
  "BXP": 0.00014803732509596776,
  "CHRW": 0.000317353269936523,
  "CDNS": 0.001235908767982099,
  "CPT": 0.0001647647032939321,
  "CPB": 0.00010696476707343942,
  "COF": 0.0018278041548422518,
  "CAH": 0.0008010550023768323,
  "CCL": 0.0005774954943080684,
  "CARR": 0.0007582309821245616,
  "CVNA": 0.0011164705650418525,
  "CAT": 0.005341129038951237,
  "CBOE": 0.0004739341450429268,
  "CBRE": 0.0006494184134906553,
  "CDW": 0.00025382699978147784,
  "COR": 0.0009844693834459,
  "CNC": 0.00025937835575695563,
  "CNP": 0.0004548397556791484,
  "CF": 0.0003214290174987614,
  "CRL": 0.00013680133823868945,
  "SCHW": 0.0026902847845598926,
  "CHTR": 0.00044039783014509696,
  "CVX": 0.006664090818006226,
  "CMG": 0.0006818663578946687,
  "CB": 0.002053545418822714,
  "CHD": 0.0003561106156799625,
  "CIEN": 0.0008847573843157939,
  "CI": 0.0011479186259674616,
  "CINF": 0.0003946460180405991,
  "CTAS": 0.00109001334334868,
  "CSCO": 0.004938715167477143,
  "C": 0.003196032750055967,
  "CFG": 0.00041492930732994667,
  "CLX": 0.0002036414999095937,
  "CME": 0.001726254318013966,
  "CMS": 0.00038493428765928395,
  "KO": 0.005273242803711856,
  "CTSH": 0.0004770177294703875,
  "COHR": 0.0007194656850870452,
  "COIN": 0.000758529700035651,
  "CL": 0.0011015929349867226,
  "CMCSA": 0.0016853487701599748,
  "FIX": 0.0007835765403213521,
  "CAG": 0.00012114537217290029,
  "COP": 0.002599300600906694,
  "ED": 0.0006587668258206213,
  "STZ": 0.0004206932696914483,
  "CEG": 0.0016298435906072527,
  "COO": 0.000224743013651671,
  "CPRT": 0.0005177405625252169,
  "GLW": 0.0018816315783518201,
  "CPAY": 0.00032794921061352994,
  "CTVA": 0.0009069345662769175,
  "CSGP": 0.0002754298574619202,
  "COST": 0.007125130735461777,
  "CTRA": 0.00042982369778918903,
  "CRH": 0.0011320182813322624,
  "CRWD": 0.0015950897709209296,
  "CCI": 0.0005712042060825353,
  "CSX": 0.0012297402794103182,
  "CMI": 0.0011975364166394214,
  "CVS": 0.0014719579444350383,
  "DHR": 0.0021616132052471072,
  "DRI": 0.0003636293065704331,
  "DDOG": 0.00067294203657742,
  "DVA": 0.00016551271880975018,
  "DECK": 0.00023500368026058762,
  "DE": 0.0024511330857425622,
  "DELL": 0.0017522213308797734,
  "DAL": 0.000699490714648938,
  "DVN": 0.0005028150267480963,
  "DXCM": 0.0003945782835727985,
  "FANG": 0.0008988057702824196,
  "DLR": 0.0010155353863407586,
  "DG": 0.0004212311862832751,
  "DLTR": 0.00035081419600876864,
  "D": 0.0008753692485083648,
  "DPZ": 0.00019437651018159257,
  "DASH": 0.001050829630080941,
  "DOV": 0.00045289465799323386,
  "DOW": 0.00048284606102169864,
  "DHI": 0.0006435017928814609,
  "DTE": 0.0004900265744669886,
  "DUK": 0.0016415862992490975,
  "DD": 0.0003091325556627789,
  "ETN": 0.0022379613330162597,
  "EBAY": 0.0006627749378938236,
  "SATS": 0.0005448133001615396,
  "ECL": 0.0012103371422873203,
  "EIX": 0.000453772170725865,
  "EW": 0.0007492754495035919,
  "EA": 0.0008219107518467974,
  "ELV": 0.0010408765894719136,
  "EME": 0.0005324471902683106,
  "EMR": 0.001186856212040952,
  "ETR": 0.0008286612355535035,
  "EOG": 0.0012494873347468345,
  "EPAM": 0.00012049908208223863,
  "EQT": 0.0006400239430423018,
  "EFX": 0.0003499484617491062,
  "EQIX": 0.001551592167183702,
  "EQR": 0.0003736673369451957,
  "ERIE": 0.0002116986682715563,
  "ESS": 0.00026955380164968675,
  "EL": 0.00041822955627277334,
  "EG": 0.0002126742029739076,
  "EVRG": 0.00030390987517109515,
  "ES": 0.000419476721697678,
  "EXC": 0.0008080050932584988,
  "EXE": 0.00042515312084556896,
  "EXPE": 0.0004557803838705728,
  "EXPD": 0.0003080477484044824,
  "EXR": 0.00046811620626188217,
  "XOM": 0.011388568429421543,
  "FFIV": 0.0002647996536359552,
  "FDS": 0.00013080778638483164,
  "FICO": 0.0004079704733240878,
  "FAST": 0.0008583708994462767,
  "FRT": 0.00014871783709443563,
  "FDX": 0.001369124946904512,
  "FIS": 0.0003913459670553013,
  "FITB": 0.0006777803165409281,
  "FSLR": 0.00034101543030058657,
  "FE": 0.0004716647269388537,
  "FISV": 0.00048349024781361587,
  "F": 0.0007456897787970328,
  "FTNT": 0.0009790089889549452,
  "FTV": 0.00028284940462334026,
  "FOXA": 0.0004002184894858248,
  "FOX": 0.00039936163032204075,
  "BEN": 0.00019839649970652804,
  "FCX": 0.001360937291538092,
  "GRMN": 0.0007194241140059791,
  "IT": 0.00018385651920983497,
  "GE": 0.004822065922175532,
  "GEHC": 0.0005232266914949266,
  "GEV": 0.0038153803591353176,
  "GEN": 0.0001870795977093175,
  "GNRC": 0.00018466304767189966,
  "GD": 0.0014975646745982727,
  "GIS": 0.00031999936822514516,
  "GM": 0.00111960330892232,
  "GPC": 0.00023701037573090725,
  "GILD": 0.0027867830091943737,
  "GPN": 0.0003034665492851545,
  "GL": 0.00017630478590850113,
  "GDDY": 0.00017998146758896569,
  "GS": 0.0040443715578533474,
  "HAL": 0.0005286442941667204,
  "HIG": 0.0006075930889716156,
  "HAS": 0.0002121371936874215,
  "HCA": 0.001704853921396192,
  "DOC": 0.0001840236118606757,
  "HSIC": 0.00013977396747120942,
  "HSY": 0.0006788265220810918,
  "HPE": 0.0005096976141124125,
  "HLT": 0.0011386243880145675,
  "HOLX": 0.0002718546125185491,
  "HD": 0.005277227820740021,
  "HON": 0.0023146883514957002,
  "HRL": 0.0002007918517918943,
  "HST": 0.00021504302875040312,
  "HWM": 0.0014943498443291605,
  "HPQ": 0.0002840884207966392,
  "HUBB": 0.0004202815510242864,
  "HUM": 0.0003368586191302692,
  "HBAN": 0.0005135960577146119,
  "HII": 0.00024099311624749067,
  "IBM": 0.0036643564488010433,
  "IEX": 0.0002270298025289039,
  "IDXX": 0.0007207527389540204,
  "ITW": 0.0012084878230524652,