{
  "MMM": 0.001219637302035779,
  "AOS": 0.00014287984932745466,
  "ABT": 0.0028647613221522102,
  "ABBV": 0.005975456252351984,
  "ACN": 0.0019525787727269653,
  "ADBE": 0.0015737425030333786,
  "AMD": 0.0055916538230293585,
  "AES": 0.00016204036975634597,
  "AFL": 0.0009220378109748683,
  "A": 0.0005223531720023507,
  "APD": 0.0010540411383959467,
  "ABNB": 0.0012014210170178173,
  "AKAM": 0.0002684394879800934,
  "ALB": 0.0003390720021712126,
  "ARE": 0.00011826851985764655,
  "ALGN": 0.0001979057203592468,
  "ALLE": 0.00019580763422331847,
  "LNT": 0.000299304032471519,
  "ALL": 0.0008544595766909752,
  "GOOGL": 0.0571920215339253,
  "GOOG": 0.05678465779288911,
  "MO": 0.001777891961823184,
  "AMZN": 0.036073726441108414,
  "AMCR": 0.00029569775137343747,
  "AEE": 0.0004949177774437182,
  "AEP": 0.0011539483576395238,
  "AXP": 0.0032861728931204573,
  "AIG": 0.0006512263576437855,
  "AMT": 0.0012895887957945916,
  "AWK": 0.00043207626608295183,
  "AMP": 0.0006444816458203807,
  "AME": 0.0007976583478213537,
  "AMGN": 0.0030237172212367294,
  "APH": 0.002511710422624874,
  "ADI": 0.002484669195281553,
  "AON": 0.001117411471386033,
  "APA": 0.00023621588402348908,
  "APO": 0.001003362983186375,
  "AAPL": 0.05988011731330307,
  "AMAT": 0.004454341805283434,
  "APP": 0.0021104346337081424,
  "APTV": 0.00024343116551803714,
  "ACGL": 0.0005507075256019838,
  "ADM": 0.0005629925294026218,
  "ARES": 0.0005535241945268271,
  "ANET": 0.0025427347996123425,
  "AJG": 0.000896247722989733,
  "AIZ": 0.00017496273778328894,
  "T": 0.0031598226266530147,
  "ATO": 0.000497691134170187,
  "ADSK": 0.0008098429669201617,
  "ADP": 0.0013075463870770283,
  "AZO": 0.0009038002302466621,
  "AVB": 0.00037732833683248277,
  "AVY": 0.00021118572526777435,
  "AXON": 0.0005255859918680043,
  "BKR": 0.0009606570900639686,
  "BALL": 0.0002544857850873204,
  "BAC": 0.005642818044634605,
  "BAX": 0.00013866336422428774,
  "BDX": 0.0009065456076861326,
  "BBY": 0.00021553440758761345,
  "TECH": 0.00013397716127838742,
  "BIIB": 0.0004202593092308589,
  "BLK": 0.0023989283411695148,
  "BX": 0.002225716766020954,
  "XYZ": 0.0005706741214262641,
  "BK": 0.0013523567550484364,
  "BA": 0.0025948722024131364,
  "BKNG": 0.0021499345723224343,
  "BSX": 0.0014943716217697025,
  "BMY": 0.0019579484369211925,
  "AVGO": 0.023675556318877064,
  "BR": 0.0003026751434032379,
  "BRO": 0.0003567017378037759,
  "BLDR": 0.00013955188678095443,
  "BG": 0.00039452360721342524,
  "BXP": 0.0001458852146263805,
  "CHRW": 0.00031962600455583476,
  "CDNS": 0.001224587997702917,
  "CPT": 0.00016781139256342138,
  "CPB": 0.00010495421247430964,
  "COF": 0.001814598427455484,
  "CAH": 0.0008046112989283196,
  "CCL": 0.0005695868607490687,
  "CARR": 0.0007510665445440388,
  "CVNA": 0.0011152369500316422,
  "CAT": 0.005439614246430184,
  "CBOE": 0.00048106180547965235,
  "CBRE": 0.0006467659219891091,
  "CDW": 0.0002552575416265844,
  "COR": 0.0009942623760825576,
  "CNC": 0.00027432473770065767,
  "CNP": 0.0004567927881707105,
  "CF": 0.0003221476787498436,
  "CRL": 0.00013758293455568617,
  "SCHW": 0.0026501870562329476,
  "CHTR": 0.0004425908428217478,
  "CVX": 0.006406318400849945,
  "CMG": 0.0006957956581752249,
  "CB": 0.0020582944788463324,
  "CHD": 0.0003504987560863623,
  "CIEN": 0.0009970634499949756,
  "CI": 0.0011509526736981014,
  "CINF": 0.0003947057019173321,
  "CTAS": 0.0011129624371269953,
  "CSCO": 0.004989573115760681,
  "C": 0.003201708995319947,
  "CFG": 0.0004160867915786893,
  "CLX": 0.0001987856918691845,
  "CME": 0.001762465218271477,
  "CMS": 0.00038751948087661014,
  "KO": 0.005277404100719242,
  "CTSH": 0.0004778188947236059,
  "COHR": 0.0007705291855760385,
  "COIN": 0.0007330033920640513,
  "CL": 0.0010885131925841218,
  "CMCSA": 0.0016304484581716287,
  "FIX": 0.0008096887204527286,
  "CAG": 0.00011850139663982894,
  "COP": 0.0025485018089971027,
  "ED": 0.000667000581661422,
  "STZ": 0.0004216837629078041,
  "CEG": 0.0015794038856953255,
  "COO": 0.0002223783738020737,
  "CPRT": 0.0005119587358319653,
  "GLW": 0.001996023463181703,
  "CPAY": 0.0003269807565711693,
  "CTVA": 0.000910394561593109,
  "CSGP": 0.00027089704570495044,
  "COST": 0.007149671049416032,
  "CTRA": 0.00041783523491503255,
  "CRH": 0.0011318696205105537,
  "CRWD": 0.0016064327942893353,
  "CCI": 0.0005679845715102655,
  "CSX": 0.0012212944359191198,
  "CMI": 0.001213800049569843,
  "CVS": 0.0014912958659577605,
  "DHR": 0.0021693941336671063,
  "DRI": 0.0003603912687475982,
  "DDOG": 0.0006841514259145311,
  "DVA": 0.00015799446329223824,
  "DECK": 0.00023233749289242842,
  "DE": 0.002490931837750283,
  "DELL": 0.0018244831753731383,
  "DAL": 0.0006901154697630005,
  "DVN": 0.0004883409085796719,
  "DXCM": 0.00038794021858578096,
  "FANG": 0.0008846352049559882,
  "DLR": 0.0010203383507870686,
  "DG": 0.0004185728200300118,
  "DLTR": 0.00034375542029346556,
  "D": 0.000881211116849707,
  "DPZ": 0.00019586026739025375,
  "DASH": 0.001077548391768124,
  "DOV": 0.00044351985999051036,
  "DOW": 0.00047706748377828324,
  "DHI": 0.0006460419333660552,
  "DTE": 0.0004941938215832955,
  "DUK": 0.0016475571041558224,
  "DD": 0.00030536623316290023,
  "ETN": 0.0022501451080051567,
  "EBAY": 0.0006765873862114389,
  "SATS": 0.0005759933966937894,
  "ECL": 0.0011986586030101512,
  "EIX": 0.00045454563206306995,
  "EW": 0.0007555666885076637,
  "EA": 0.0008140520476686897,
  "ELV": 0.0010637987017794942,
  "EME": 0.0005461256388736509,
  "EMR": 0.0011817203227079142,
  "ETR": 0.0008422114636130072,
  "EOG": 0.0012230001895470804,
  "EPAM": 0.00012190269833614846,
  "EQT": 0.0006025503923487791,
  "EFX": 0.00034723563078689905,
  "EQIX": 0.0015769296517912153,
  "EQR": 0.0003786183326712067,
  "ERIE": 0.00020832215663644634,
  "ESS": 0.00027378068144785506,
  "EL": 0.0003900804047027313,
  "EG": 0.00021171957596097512,
  "EVRG": 0.0003055830234931902,
  "ES": 0.00041961519590253787,
  "EXC": 0.0008071937805657345,
  "EXE": 0.00040622569828072195,
  "EXPE": 0.0004423372272940503,
  "EXPD": 0.00031014764431490946,
  "EXR": 0.000472505811593367,
  "XOM": 0.01070249480381314,
  "FFIV": 0.0002756295258673438,
  "FDS": 0.00013348047979022125,
  "FICO": 0.0004109138997471222,
  "FAST": 0.0008610152481326704,
  "FRT": 0.0001485557785976302,
  "FDX": 0.001377623296187866,
  "FIS": 0.0003764365052500704,
  "FITB": 0.0006760915565516825,
  "FSLR": 0.0003392360119027271,
  "FE": 0.00047539901402456617,
  "FISV": 0.00048484782237219817,
  "F": 0.0007388807459905095,
  "FTNT": 0.0009709859026841694,
  "FTV": 0.00028443179645195005,
  "FOXA": 0.00039531534895768803,
  "FOX": 0.0003938107906475921,
  "BEN": 0.0001951766914727179,
  "FCX": 0.0013984554807270112,
  "GRMN": 0.0007349253790575724,
  "IT": 0.000180503488437358,
  "GE": 0.004805113736188288,
  "GEHC": 0.0005198665538236675,
  "GEV": 0.0038856878932188657,
  "GEN": 0.00018537915767917292,
  "GNRC": 0.0001846086133572613,
  "GD": 0.0015155784797586276,
  "GIS": 0.0003187902625979435,
  "GM": 0.001082986464336183,
  "GPC": 0.0002330525536984951,
  "GILD": 0.0027782522498650715,
  "GPN": 0.00028697496293199034,
  "GL": 0.00017871605756995156,
  "GDDY": 0.0001777199261512874,
  "GS": 0.004078995804211043,
  "HAL": 0.0005182210506743834,
  "HIG": 0.0006066314367347904,
  "HAS": 0.00020117018892658702,
  "HCA": 0.0016854417140041156,
  "DOC": 0.0001826278993474118,
  "HSIC": 0.00013870418646269508,
  "HSY": 0.0006585566687362856,
  "HPE": 0.0005239961851916675,
  "HLT": 0.0011345815800662558,
  "HOLX": 0.00027006423600254675,
  "HD": 0.005139851373309472,
  "HON": 0.002330564524516014,
  "HRL": 0.0001934042167464294,
  "HST": 0.00021304049972350043,
  "HWM": 0.0015148261186970018,
  "HPQ": 0.00028166492672644807,
  "HUBB": 0.00042074128029764076,
  "HUM": 0.0003434012562507824,
  "HBAN": 0.0005126182475969247,
  "HII": 0.00024912845602371954,
  "IBM": 0.0036923726433973117,
  "IEX": 0.0002262063432438014,
  "IDXX": 0.0007183140042889056,
  "ITW": 0.0011925606910508212,