{
  "MMM": 0.0011789482732387849,
  "AOS": 0.00013305696636133315,
  "ABT": 0.002477972682433812,
  "ABBV": 0.005364492020590969,
  "ACN": 0.00178753526235617,
  "ADBE": 0.0014870812644882144,
  "AMD": 0.006617733252780813,
  "AES": 0.00015205605833857743,
  "AFL": 0.0008889325754672492,
  "A": 0.0005026498889369007,
  "APD": 0.0009758665902226157,
  "ABNB": 0.0012564054895887946,
  "AKAM": 0.00021154645131265019,
  "ALB": 0.0003418567392960872,
  "ARE": 0.00012417707539098046,
  "ALGN": 0.00020205274479969236,
  "ALLE": 0.00018386224313398603,
  "LNT": 0.00027788417577667956,
  "ALL": 0.0008298494388282177,
  "GOOGL": 0.06028801043614454,
  "GOOG": 0.05989199735973405,
  "MO": 0.0015894413203861426,
  "AMZN": 0.039051679976617015,
  "AMCR": 0.00028330779035602136,
  "AEE": 0.00045939020931712673,
  "AEP": 0.0010785467850134805,
  "AXP": 0.003356715184496623,
  "AIG": 0.0006241186381191869,
  "AMT": 0.0012527577989529107,
  "AWK": 0.00038750645979421656,
  "AMP": 0.0006257445289795118,
  "AME": 0.0007983425516487298,
  "AMGN": 0.00279060329058356,
  "APH": 0.0027706436463009734,
  "ADI": 0.0027362258520834863,
  "AON": 0.0010498254256783729,
  "APA": 0.0001874624343445952,
  "APO": 0.001076003395736776,
  "AAPL": 0.059009385703978935,
  "AMAT": 0.004617213701972481,
  "APP": 0.002373074903434276,
  "APTV": 0.000222423548447506,
  "ACGL": 0.0005148685735827052,
  "ADM": 0.0004799710532534808,
  "ARES": 0.0005700518747940706,
  "ANET": 0.0030760574762887984,
  "AJG": 0.0008381412832969614,
  "AIZ": 0.00016740785148991783,
  "T": 0.0027399081425545325,
  "ATO": 0.0004563056701795035,
  "ADSK": 0.0007603150422241954,
  "ADP": 0.0011989784433177816,
  "AZO": 0.00086882958901042,
  "AVB": 0.0003612620628745788,
  "AVY": 0.00019636954103894732,
  "AXON": 0.00047683123876944014,
  "BKR": 0.0008727880753781778,
  "BALL": 0.00025298739421383755,
  "BAC": 0.005643855670852348,
  "BAX": 0.00014294487892307342,
  "BDX": 0.000844805790222377,
  "BBY": 0.00020472065430198215,
  "TECH": 0.00013791571150634794,
  "BIIB": 0.0003935299354530276,
  "BLK": 0.0024109963227719024,
  "BX": 0.0023228827188627264,
  "XYZ": 0.0006510699205213083,
  "BK": 0.0013706037525026613,
  "BA": 0.0025800520818291014,
  "BKNG": 0.0022119643274311567,
  "BSX": 0.0013776654944693974,
  "BMY": 0.001793056889708985,
  "AVGO": 0.02776190855831563,
  "BR": 0.00027825003588036624,
  "BRO": 0.00033998765499506316,
  "BLDR": 0.00014755197657358846,
  "BG": 0.0003433758167280023,
  "BXP": 0.0001519612101841741,
  "CHRW": 0.0003177214253598738,
  "CDNS": 0.0012799130033800377,
  "CPT": 0.00016023849740519718,
  "CPB": 9.253552613526942e-05,
  "COF": 0.0018878165553352843,
  "CAH": 0.0007368241652874901,
  "CCL": 0.0005883927410744316,
  "CARR": 0.0007629466188856421,
  "CVNA": 0.0012689489545688382,
  "CASY": 0.00041534347386510344,
  "CAT": 0.0054884443025406985,
  "CBOE": 0.0004675238228323854,
  "CBRE": 0.0006604995811721412,
  "CDW": 0.0002581340594157367,
  "COR": 0.0009251410015720608,
  "CNC": 0.00027888283913738956,
  "CNP": 0.00041511372252064314,
  "CF": 0.0002586312964196598,
  "CRL": 0.0001333223874835934,
  "SCHW": 0.002399669759311461,
  "CHTR": 0.00045504485580290526,
  "CVX": 0.005401327463220791,
  "CMG": 0.000701309544239674,
  "CB": 0.0019174813931023722,
  "CHD": 0.0003374925789028229,
  "CIEN": 0.0010467157805627966,
  "CI": 0.0010963937898835928,
  "CINF": 0.00038487777649877646,
  "CTAS": 0.0010576197920293595,
  "CSCO": 0.005087481641348278,
  "C": 0.0034154186874042073,
  "CFG": 0.0004080844706430225,
  "CLX": 0.00018311064610493195,
  "CME": 0.0015387679931590816,
  "CMS": 0.0003541099936378246,
  "KO": 0.004816194822294278,
  "CTSH": 0.00043419589328327435,
  "COHR": 0.0009480412098942136,
  "COIN": 0.00081951312988353,
  "CL": 0.0009928516131365998,
  "CMCSA": 0.001612147010122811,
  "FIX": 0.0008596916760985843,
  "CAG": 0.00010487394640401829,
  "COP": 0.002111190077218671,
  "ED": 0.0006015533369122962,
  "STZ": 0.0004131159135715553,
  "CEG": 0.0015568506868018134,
  "COO": 0.0002007242075750025,
  "CPRT": 0.00048029562261311525,
  "GLW": 0.002103313370493413,
  "CPAY": 0.00033772127537426,
  "CTVA": 0.0007999863452112203,
  "CSGP": 0.00024730379864311246,
  "COST": 0.0065622818932646295,
  "CTRA": 0.0003516757686494103,
  "CRH": 0.0011562744105281888,
  "CRWD": 0.0015954053916241307,
  "CCI": 0.0005680693765734343,
  "CSX": 0.0011968597760594606,
  "CMI": 0.001282096771373507,
  "CVS": 0.0014487415126488029,
  "DHR": 0.0020154724663303584,
  "DRI": 0.00034281863279713023,
  "DDOG": 0.0006613429973630604,
  "DVA": 0.00014636156743648378,
  "DECK": 0.00023677985792682068,
  "DE": 0.002359607249128963,
  "DELL": 0.0019893471796446583,
  "DAL": 0.0006946406972652484,
  "DVN": 0.00041168897176341237,
  "DXCM": 0.00036706916900670997,
  "FANG": 0.0007642051728200477,
  "DLR": 0.0010459184171141488,
  "DG": 0.00040709647656946176,
  "DLTR": 0.0003134182064881232,
  "D": 0.0008134956519313368,
  "DPZ": 0.00018289908378531512,
  "DASH": 0.0011965515120228424,
  "DOV": 0.00044062531422065497,
  "DOW": 0.00039019671753498427,
  "DHI": 0.0006471753895979876,
  "DTE": 0.0004530915323561686,
  "DUK": 0.0014755140694215592,
  "DD": 0.00028546084647489996,
  "ETN": 0.002324639474256391,
  "EBAY": 0.0007006031409848582,
  "SATS": 0.0005724691615356547,
  "ECL": 0.0011535304145416946,
  "EIX": 0.0004033646070663238,
  "EW": 0.0007046392057286675,
  "EA": 0.0007493472561485707,
  "ELV": 0.0010391921850472594,
  "EME": 0.000540128141047852,
  "EMR": 0.0012104777648401992,
  "ETR": 0.0007743688442596758,
  "EOG": 0.0010173799426220406,
  "EPAM": 0.0001046207844132495,
  "EQT": 0.0005282570219935883,
  "EFX": 0.00034982473774669814,
  "EQIX": 0.0015934608085538724,
  "EQR": 0.0003615382286320614,
  "ERIE": 0.00019354959419478032,
  "ESS": 0.0002615119135322774,
  "EL": 0.0004061166502270238,
  "EG": 0.00021016740073976205,
  "EVRG": 0.0002804363054298621,
  "ES": 0.00038319447040675847,
  "EXC": 0.00070965883407934,
  "EXE": 0.00033913369007391157,
  "EXPE": 0.00048704644829106056,
  "EXPD": 0.0002919342104085056,
  "EXR": 0.0004747600106579352,
  "XOM": 0.00908369653737663,
  "FFIV": 0.00026116715088905535,
  "FDS": 0.00012715602173897804,
  "FICO": 0.0003643363546742621,
  "FAST": 0.0007721283542367858,
  "FRT": 0.00014428399501722485,
  "FDX": 0.0013843227679797966,
  "FIS": 0.00036877580286215605,
  "FITB": 0.0006788876454854846,
  "FSLR": 0.0003047937454855393,
  "FE": 0.00042615116035503046,
  "FISV": 0.0005089929911217516,
  "F": 0.0007570440316752936,
  "FTNT": 0.0009043988223416104,
  "FTV": 0.0002835780488245739,
  "FOXA": 0.0004113960787337042,
  "FOX": 0.0004042554322648301,
  "BEN": 0.00020997176700279603,
  "FCX": 0.001488992694406314,
  "GRMN": 0.0007563685512696731,
  "IT": 0.0001610942857497175,
  "GE": 0.004713196779191898,
  "GEHC": 0.0004991228154964162,
  "GEV": 0.003973648811201502,
  "GEN": 0.0001835591329055671,
  "GNRC": 0.00018747018012650864,
  "GD": 0.0013369642737409454,
  "GIS": 0.0002768884359212053,
  "GM": 0.00110897848532923,
  "GPC": 0.00023084203795749623,
  "GILD": 0.0024953285384243067,
  "GPN": 0.0003000797289193122,
  "GL": 0.00017607664729870682,
  "GDDY": 0.00017091753459513355,
  "GS": 0.004067708041140374,
  "HAL": 0.0004606119029741776,
  "HIG": 0.0005714054878574842,
  "HAS": 0.00019817780437537464,
  "HCA": 0.001598004116525711,
  "DOC": 0.00017751980401217832,
  "HSIC": 0.0001341572290637952,
  "HSY": 0.0005784560783094033,
  "HPE": 0.0005394330701432285,
  "HLT": 0.0011564241422190296,
  "HD": 0.005095545934636295,
  "HON": 0.0021560112100266647,
  "HRL": 0.00017301834436013285,
  "HST": 0.00021804011401714573,
  "HWM": 0.0015122730789660405,
  "HPQ": 0.00026958099895774335,
  "HUBB": 0.00042453358792197455,
  "HUM": 0.0003700512347649334,
  "HBAN": 0.0005121930539250336,
  "HII": 0.0002277834336266299,
  "IBM": 0.0035062956969635047,
  "IEX": 0.00022651853538447028,
  "IDXX": 0.0006821990426015616,
  "ITW": 0.001155237741599413,