{
  "MMM": 0.0011032079562652685,
  "AOS": 0.00012839652464842257,
  "ABT": 0.0023542272350097074,
  "ABBV": 0.005328688119779448,
  "ACN": 0.001599452756685697,
  "ADBE": 0.0014282644183330172,
  "AMD": 0.007844162715981961,
  "AES": 0.00015120906039008835,
  "AFL": 0.0008772946882144441,
  "A": 0.00046250483633876536,
  "APD": 0.0009863538114300847,
  "ABNB": 0.001207308003641068,
  "AKAM": 0.00021499298769015032,
  "ALB": 0.0003294552624694653,
  "ARE": 0.00010403962742872632,
  "ALGN": 0.00018643050325353034,
  "ALLE": 0.0001740003774452339,
  "LNT": 0.00027321673313287744,
  "ALL": 0.0008097429799226206,
  "GOOGL": 0.06256335528974744,
  "GOOG": 0.062141513505766556,
  "MO": 0.0016707834634914552,
  "AMZN": 0.04169217829604434,
  "AMCR": 0.0002552447909687425,
  "AEE": 0.00045242375277745195,
  "AEP": 0.001077872874593637,
  "AXP": 0.0031522490305186672,
  "AIG": 0.0005752583235904722,
  "AMT": 0.0012142022597317864,
  "AWK": 0.0003784439387607707,
  "AMP": 0.0006220214254625152,
  "AME": 0.0007605901704086216,
  "AMGN": 0.0026733039018036774,
  "APH": 0.0027571406892064223,
  "ADI": 0.0027871622023637114,
  "AON": 0.0010106049831278803,
  "APA": 0.00020522893803528783,
  "APO": 0.0010388939222045197,
  "AAPL": 0.05793402883070134,
  "AMAT": 0.004445128197654724,
  "APP": 0.002147883692736431,
  "APTV": 0.00021691082357943448,
  "ACGL": 0.00048824564092080303,
  "ADM": 0.0005244698882195844,
  "ARES": 0.0005364883444792145,
  "ANET": 0.003031939288183632,
  "AJG": 0.0007934266058770155,
  "AIZ": 0.00017014640023222243,
  "T": 0.0026335034723958743,
  "ATO": 0.0004515635024759671,
  "ADSK": 0.0007188618889304241,
  "ADP": 0.0012412275081445541,
  "AZO": 0.0008543048645654479,
  "AVB": 0.00037645908305695026,
  "AVY": 0.00018426574672556807,
  "AXON": 0.00046313046473070164,
  "BKR": 0.000994098797194366,
  "BALL": 0.0002372684488929653,
  "BAC": 0.0054835827894326086,
  "BAX": 0.00012862694186425164,
  "BDX": 0.0006071000486589368,
  "BBY": 0.0001805265276175726,
  "TECH": 0.00011873300471536454,
  "BIIB": 0.00041446792250439727,
  "BLK": 0.002352877888728064,
  "BX": 0.002163276235504807,
  "XYZ": 0.0006080387164982904,
  "BK": 0.001320533437729263,
  "BA": 0.002573415756193763,
  "BKNG": 0.001978913390387845,
  "BSX": 0.0012341119650300832,
  "BMY": 0.0017376641627326983,
  "AVGO": 0.027828746641645183,
  "BR": 0.0002735589351345923,
  "BRO": 0.000306785746381316,
  "BLDR": 0.00013414498668381166,
  "BG": 0.00036124265688836847,
  "BXP": 0.00014805633598891118,
  "CHRW": 0.0003274184187311558,
  "CDNS": 0.0012904048850832855,
  "CPT": 0.0001625330964651783,
  "CPB": 8.915040151533873e-05,
  "COF": 0.0017689287034875806,
  "CAH": 0.0006962808816450704,
  "CCL": 0.0005176718595479897,
  "CARR": 0.0007671870345192644,
  "CVNA": 0.0013174298932278408,
  "CASY": 0.0004256227046405137,
  "CAT": 0.005535442280427961,
  "CBOE": 0.0004699162096899301,
  "CBRE": 0.0006154732156649124,
  "CDW": 0.00025605572621960283,
  "COR": 0.0008825282704871161,
  "CNC": 0.0003849548469183762,
  "CNP": 0.00041198294851616787,
  "CF": 0.0002798372936959824,
  "CRL": 0.00011986998393064616,
  "SCHW": 0.002330740296428959,
  "CHTR": 0.0003451279579736669,
  "CVX": 0.005566558455561598,
  "CMG": 0.000627905413786542,
  "CB": 0.0018443872181848331,
  "CHD": 0.0003363610514343858,
  "CIEN": 0.0009802541823853003,
  "CI": 0.0011146059198660055,
  "CINF": 0.00036819232483560464,
  "CTAS": 0.0010052274801958948,
  "CSCO": 0.005121677352679939,
  "C": 0.003263372598283533,
  "CFG": 0.0004027173352682265,
  "CLX": 0.00016656964748619613,
  "CME": 0.0015171271362057434,
  "CMS": 0.00033929538704712437,
  "KO": 0.004965652461354975,
  "CTSH": 0.0003786534226085819,
  "COHR": 0.0008321977262622829,
  "COIN": 0.0006958014264269401,
  "CL": 0.000996134769960405,
  "CMCSA": 0.0014209715572776893,
  "FIX": 0.0008948447794644061,
  "CAG": 9.99140420181979e-05,
  "COP": 0.0022462562264616223,
  "ED": 0.0005889081409462183,
  "STZ": 0.0003825715964846323,
  "CEG": 0.0015991276737941258,
  "COO": 0.00017817409158208742,
  "CPRT": 0.0004673829417909795,
  "GLW": 0.0018860522490560788,
  "CPAY": 0.000299565536426756,
  "CTVA": 0.0007820132651106758,
  "CSGP": 0.0002133705615681882,
  "COST": 0.006433731605054441,
  "CTRA": 0.0003905888662007782,
  "CRH": 0.0011145415279850438,
  "CRWD": 0.0016694754433423692,
  "CCI": 0.0005505269158028557,
  "CSX": 0.0012202213388583156,
  "CMI": 0.0012939015083804288,
  "CVS": 0.001542669929747119,
  "DHR": 0.0018545768729446895,
  "DRI": 0.0003328278172683564,
  "DDOG": 0.0006747985608286242,
  "DVA": 0.00014545567285634216,
  "DECK": 0.00021071694932827992,
  "DE": 0.0022229533333316823,
  "DELL": 0.0019470251133532,
  "DAL": 0.0006385876784491655,
  "DVN": 0.00045694100540795256,
  "DXCM": 0.00032560466402819274,
  "FANG": 0.0008404642141818893,
  "DLR": 0.001002735658563608,
  "DG": 0.0003667345875565777,
  "DLTR": 0.0002768926866171576,
  "D": 0.0008098047889202974,
  "DPZ": 0.00016067438157294308,
  "DASH": 0.001057983111556981,
  "DOV": 0.000435676758027916,
  "DOW": 0.00041189582125559436,
  "DHI": 0.0006348164886521385,
  "DTE": 0.00045211257540868176,
  "DUK": 0.0014488610504509755,
  "DD": 0.0002698835823208435,
  "ETN": 0.0023343255786965307,
  "EBAY": 0.0006700244915124413,
  "SATS": 0.0005164908211492329,
  "ECL": 0.0010593202041597847,
  "EIX": 0.00038202462589877743,
  "EW": 0.000690002192714888,
  "EA": 0.0007427923025644743,
  "ELV": 0.0011758504073774072,
  "EME": 0.0005505897459404357,
  "EMR": 0.0011263824260356044,
  "ETR": 0.0007811526844403988,
  "EOG": 0.0010802625822355929,
  "EPAM": 8.623314747083565e-05,
  "EQT": 0.000543930111759266,
  "EFX": 0.0003031191333237985,
  "EQIX": 0.0015582884447693918,
  "EQR": 0.000371407143552961,
  "ERIE": 0.00017003487073131247,
  "ESS": 0.0002653704442834827,
  "EL": 0.0004027295889470662,
  "EG": 0.00020052779012161184,
  "EVRG": 0.00027533274524722004,
  "ES": 0.0003751262852484458,
  "EXC": 0.0007021433058970214,
  "EXE": 0.00035252554593613697,
  "EXPE": 0.0004486984842425473,
  "EXPD": 0.00028889062997814174,
  "EXR": 0.0004594088002189851,
  "XOM": 0.009298097270009001,
  "FFIV": 0.00027130557970325464,
  "FDS": 0.00012325007714470576,
  "FICO": 0.0003650463129276154,
  "FAST": 0.0007368991840483708,
  "FRT": 0.00014099928316743142,
  "FDX": 0.0013561897210071186,
  "FIS": 0.00034940830614659977,
  "FITB": 0.0006605329360441295,
  "FSLR": 0.00029824120807274375,
  "FE": 0.0004152838733541944,
  "FISV": 0.00048277872818022484,
  "F": 0.000718213585225929,
  "FTNT": 0.0009214096739819409,
  "FTV": 0.00028058837212839284,
  "FOXA": 0.000393764731434176,
  "FOX": 0.0003532778557431367,
  "BEN": 0.0002232611424704813,
  "FCX": 0.0012009798194591017,
  "GRMN": 0.0006883674678637963,
  "IT": 0.00014885010707933792,
  "GE": 0.004309222405375289,
  "GEHC": 0.0003969008022448712,
  "GEV": 0.004159397875543218,
  "GEN": 0.00017066652084532562,
  "GNRC": 0.00021699325059310013,
  "GD": 0.001370107737755116,
  "GIS": 0.00026813013493922884,
  "GM": 0.001007828203395517,
  "GPC": 0.0002101915127809742,
  "GILD": 0.0023523372852498415,
  "GPN": 0.00028410103332872323,
  "GL": 0.0001757541852291674,
  "GDDY": 0.00016660947194242518,
  "GS": 0.00394662643777977,
  "HAL": 0.0005035752033839661,
  "HIG": 0.0005490418179811253,
  "HAS": 0.00019369579353146877,
  "HCA": 0.001412894340642514,
  "DOC": 0.0001639995134333834,
  "HSIC": 0.00012556741149601468,
  "HSY": 0.0005616543974633219,
  "HPE": 0.0005443392885252273,
  "HLT": 0.00104103182875973,
  "HD": 0.004677310904309548,
  "HON": 0.0019406250889756835,
  "HRL": 0.00016902221529925876,
  "HST": 0.00021374501957743697,
  "HWM": 0.0013852595317745237,
  "HPQ": 0.0002708567887157503,
  "HUBB": 0.00042267824772932176,
  "HUM": 0.0004086384149975647,
  "HBAN": 0.0004847065802506194,
  "HII": 0.00021091099594343522,
  "IBM": 0.0031701446875253194,
  "IEX": 0.00023922196461181216,
  "IDXX": 0.0006399071714054003,
  "ITW": 0.0011183893032748191,