{
  "MMM": 0.001155802628410654,
  "AOS": 0.0001335061163746896,
  "ABT": 0.002412607415154326,
  "ABBV": 0.0053405954643428915,
  "ACN": 0.001783118032409087,
  "ADBE": 0.0015023150222795165,
  "AMD": 0.006756617669090879,
  "AES": 0.00015241781307765502,
  "AFL": 0.0008896171178459103,
  "APD": 0.0009728674527255013,
  "ABNB": 0.0012704845389446733,
  "AKAM": 0.00021226691022263348,
  "ALB": 0.0003407919234729954,
  "ARE": 0.00012176269616789558,
  "ALGN": 0.00020719251573685308,
  "ALLE": 0.00018447757976976703,
  "LNT": 0.00027256367297447934,
  "ALL": 0.0008263872058090629,
  "GOOGL": 0.06014056908571498,
  "GOOG": 0.059780106733059356,
  "MO": 0.0015961823249611195,
  "AMZN": 0.03998060943523423,
  "AMCR": 0.000281630336532868,
  "AEE": 0.00044948475820484054,
  "AEP": 0.0010615881416857172,
  "AXP": 0.003347482565146862,
  "AIG": 0.0006166594640927052,
  "AMT": 0.0012174187932443411,
  "AWK": 0.00037861972767516076,
  "AMP": 0.0006311870559205876,
  "AME": 0.0007929262409337064,
  "AMGN": 0.0027340292665417004,
  "APH": 0.002770162267607163,
  "ADI": 0.0027014336032125646,
  "AON": 0.0010609630170577446,
  "APA": 0.00019001977544933464,
  "APO": 0.0011028794783146149,
  "AAPL": 0.0580935342629742,
  "AMAT": 0.004616023211811317,
  "APP": 0.002414042313633458,
  "APTV": 0.00022658338804992274,
  "ACGL": 0.0005140438002439915,
  "ADM": 0.0004921668853505251,
  "ARES": 0.0005869313621127827,
  "ANET": 0.0031884147516833216,
  "AJG": 0.0008507165536198377,
  "AIZ": 0.00016573870470967415,
  "T": 0.0027025376315522437,
  "ATO": 0.0004488252535349852,
  "ADSK": 0.0007760247948255421,
  "ADP": 0.001212987695262801,
  "AZO": 0.0008828759106529566,
  "AVB": 0.0003605717162334944,
  "AVY": 0.00019384127722252203,
  "AXON": 0.0004752200624208252,
  "BKR": 0.0008748645149882027,
  "BALL": 0.00025276480200971954,
  "BAC": 0.005681041744530142,
  "BAX": 0.00014179993894764974,
  "BDX": 0.000844357333465164,
  "BBY": 0.0002078968232205149,
  "TECH": 0.00013965163949398904,
  "BIIB": 0.00040342885531470226,
  "BLK": 0.0024156536439619695,
  "BX": 0.002353470842866816,
  "XYZ": 0.0006574593896835878,
  "BK": 0.0013968596515619195,
  "BA": 0.0025649181304740957,
  "BKNG": 0.0022372008040009166,
  "BSX": 0.0013316158787237639,
  "BMY": 0.0017691921215250816,
  "AVGO": 0.02807800063166608,
  "BR": 0.00028053090025502214,
  "BRO": 0.0003426796234176239,
  "BLDR": 0.00014896355540738846,
  "BG": 0.00035771572567166326,
  "BXP": 0.00015382778753696873,
  "CHRW": 0.00031607128365654174,
  "CDNS": 0.0013294484255385096,
  "CPT": 0.00015991680110588044,
  "CPB": 9.26017440353023e-05,
  "COF": 0.0018704729455051334,
  "CAH": 0.0007166912472541359,
  "CCL": 0.0005639450715444763,
  "CARR": 0.0007651932689765621,
  "CVNA": 0.0013060194843782325,
  "CASY": 0.00042280563422747474,
  "CAT": 0.0055739181260860485,
  "CBOE": 0.0004682652941416962,
  "CBRE": 0.0006576081483182359,
  "CDW": 0.00026750125712367826,
  "COR": 0.000901415091445173,
  "CNC": 0.0002838626525915157,
  "CNP": 0.0004088157063762031,
  "CF": 0.00026805324108258464,
  "CRL": 0.00013577948909143783,
  "SCHW": 0.0023857349109941044,
  "CHTR": 0.00046030241723552163,
  "CVX": 0.005418144754456607,
  "CMG": 0.0007119505476300544,
  "CB": 0.0018923891648225798,
  "CHD": 0.00032947252126517467,
  "CIEN": 0.001041630920115046,
  "CI": 0.0011015634900682155,
  "CINF": 0.00037907588255423297,
  "CTAS": 0.0010511356422035721,
  "CSCO": 0.0051680688010212715,
  "C": 0.0034233973229354357,
  "CFG": 0.0004100608801953858,
  "CLX": 0.0001792547589696028,
  "CME": 0.0015252491083554039,
  "CMS": 0.0003460701360190222,
  "KO": 0.004746375895882212,
  "CTSH": 0.00043590524587990817,
  "COHR": 0.0009440021749952843,
  "COIN": 0.0008043406565261673,
  "CL": 0.0009733187436443423,
  "CMCSA": 0.0015972603718983213,
  "FIX": 0.000865829391643984,
  "CAG": 0.00010321788858938688,
  "COP": 0.0021269666678835155,
  "ED": 0.0005903215726048499,
  "STZ": 0.0004097072612232989,
  "CEG": 0.0014834354851148497,
  "COO": 0.00019672611922547602,
  "CPRT": 0.00048804979980776077,
  "GLW": 0.0020980533547696493,
  "CPAY": 0.00033451940869635576,
  "CTVA": 0.0007906791517287665,
  "CSGP": 0.00024976712217158873,
  "COST": 0.006543256941823959,
  "CTRA": 0.0003524564251697652,
  "CRH": 0.0011607500916609604,
  "CRWD": 0.0016966585713705075,
  "CCI": 0.0005499166247534858,
  "CSX": 0.001188046273947158,
  "CMI": 0.0012988727860410371,
  "CVS": 0.001454778119026316,
  "DHR": 0.002023503768626583,
  "DRI": 0.00033536265626140396,
  "DDOG": 0.000688389101317144,
  "DVA": 0.00014836152703778048,
  "DECK": 0.0002378591656703284,
  "DE": 0.0023531479484137055,
  "DELL": 0.0020480902719000153,
  "DAL": 0.0006787515115447871,
  "DVN": 0.00041276010622529394,
  "DXCM": 0.00036003033631211065,
  "FANG": 0.00076986182489237,
  "DLR": 0.0010552694646032811,
  "DG": 0.00040954152404424135,
  "DLTR": 0.00031950258101764246,
  "D": 0.0007946854839907387,
  "DPZ": 0.00018227757430408357,
  "DASH": 0.001193374274110955,
  "DOV": 0.0004386794252348695,
  "DOW": 0.0003952130222655731,
  "DHI": 0.0007087577957968134,
  "DTE": 0.000441495658208724,
  "DUK": 0.0014517368448117031,
  "DD": 0.00028224014421775255,
  "ETN": 0.002353889687243494,
  "EBAY": 0.0007035701556282591,
  "SATS": 0.0005536430225092337,
  "ECL": 0.0011339649575193014,
  "EIX": 0.0003989018376205285,
  "EW": 0.0006895015887180946,
  "EA": 0.0007502809107045534,
  "ELV": 0.001069175194583967,
  "EME": 0.0005514011295847892,
  "EMR": 0.0012025744699937027,
  "ETR": 0.0007489282463853549,
  "EOG": 0.0010372111814443564,
  "EPAM": 0.00010667861139933961,
  "EQT": 0.0005205351025982351,
  "EFX": 0.0003470712357095855,
  "EQIX": 0.0015853511012214705,
  "EQR": 0.0003593553938554346,
  "ERIE": 0.00019556047568771316,
  "ESS": 0.0002611600426851398,
  "EL": 0.00040801659698443295,
  "EG": 0.00020843311259966912,
  "EVRG": 0.0002729846019055419,
  "ES": 0.0003738215668562985,
  "EXC": 0.0006990460683945974,
  "EXE": 0.00033593331057697414,
  "EXPE": 0.0004974056726288395,
  "EXPD": 0.0002944602853963354,
  "EXR": 0.00047090995922640234,
  "XOM": 0.009091205470324788,
  "FFIV": 0.0002663977423698621,
  "FDS": 0.00013361803277640646,
  "FICO": 0.00036751621279536507,
  "FAST": 0.0007696458167206125,
  "FRT": 0.00014271042094434077,
  "FDX": 0.0013806557154774667,
  "FIS": 0.000368125325628788,
  "FITB": 0.0006833421836750298,
  "FSLR": 0.000300906392194642,
  "FE": 0.0004163717628570789,
  "FISV": 0.0005047211896602701,
  "F": 0.0007593184509234211,
  "FTNT": 0.0009348527334801663,
  "FTV": 0.00028584566803011556,
  "FOXA": 0.0004046249967894426,
  "FOX": 0.00039709081302414064,
  "BEN": 0.0002120095734943775,
  "FCX": 0.0014522535726116668,
  "GRMN": 0.0007617171990125881,
  "IT": 0.0001657020739532747,
  "GE": 0.0044598114191205405,
  "GEHC": 0.0004936466168543966,
  "GEV": 0.003947637010995711,
  "GEN": 0.00018376840832587404,
  "GNRC": 0.00018605066305695748,
  "GD": 0.0012967754222206048,
  "GIS": 0.0002769173705453842,
  "GM": 0.001100332817496927,
  "GPC": 0.00023711701899294262,
  "GILD": 0.002428759388433825,
  "GPN": 0.0003023626800144178,
  "GL": 0.00017426833872104727,
  "GDDY": 0.0001749125113423478,
  "GS": 0.004074999537750821,
  "HAL": 0.00047245666836898516,
  "HIG": 0.0005641378777196031,
  "HAS": 0.0001956854432125348,
  "HCA": 0.0015582625284676253,
  "DOC": 0.00016983885702442867,
  "HSIC": 0.0001346033472544182,
  "HSY": 0.0005683058988955958,
  "HPE": 0.0005677669358488611,
  "HLT": 0.0011499414656992802,
  "HD": 0.005106788460920068,
  "HON": 0.0020780430828004318,
  "HRL": 0.00017367350055352016,
  "HST": 0.0002166589152567255,
  "HWM": 0.0014573180125949865,
  "HPQ": 0.0002846441490092811,
  "HUBB": 0.00043106439701255726,
  "HUM": 0.0003916209725293785,
  "HBAN": 0.000513111128316929,
  "HII": 0.00022147689444770987,
  "IBM": 0.003525227260835748,
  "IEX": 0.00022590586255846556,
  "IDXX": 0.0006798108881253252,
  "ITW": 0.0011525444396962904,
  "INCY": 0.00028159701387364444,