{
  "MMM": 0.0012178402723852786,
  "AOS": 0.00014181059479850683,
  "ABT": 0.002842645809062413,
  "ABBV": 0.005857253566251674,
  "ACN": 0.00194604603311566,
  "ADBE": 0.0015886058213874729,
  "AMD": 0.005725083056901615,
  "AES": 0.00016208366279761135,
  "AFL": 0.0009244614169898267,
  "A": 0.000518272549016776,
  "APD": 0.001040081854831219,
  "ABNB": 0.0012020026763603481,
  "AKAM": 0.00026575739133466,
  "ALB": 0.00032176950997538995,
  "ARE": 0.00011890813703973749,
  "ALGN": 0.00019614336996634754,
  "ALLE": 0.0001933512941651771,
  "LNT": 0.00030010910495624076,
  "ALL": 0.000861171162919004,
  "GOOGL": 0.0574896618151079,
  "GOOG": 0.05716537377194379,
  "MO": 0.0017638642022725702,
  "AMZN": 0.03638117725948433,
  "AMCR": 0.0002931399038893025,
  "AEE": 0.0004945641609644094,
  "AEP": 0.0011504300655951884,
  "AXP": 0.003323206830073788,
  "AIG": 0.0006565882819616646,
  "AMT": 0.0013165277672948586,
  "AWK": 0.0004300121566675975,
  "AMP": 0.0006477209981020323,
  "AME": 0.0007969834681668523,
  "AMGN": 0.002961110070477129,
  "APH": 0.0024839474418382247,
  "ADI": 0.0025118519582062533,
  "AON": 0.0011179497847453408,
  "APA": 0.0002377011120023865,
  "APO": 0.0009825674821885824,
  "AAPL": 0.06085839492010607,
  "AMAT": 0.004415098090338323,
  "APP": 0.002182784362049334,
  "APTV": 0.0002414900064293884,
  "ACGL": 0.0005471760408486293,
  "ADM": 0.0005594086128854736,
  "ARES": 0.0005482627277241752,
  "ANET": 0.002542802975560235,
  "AJG": 0.0009051286323176424,
  "AIZ": 0.00017384280889496043,
  "T": 0.003178043005783212,
  "ATO": 0.0005001009274896281,
  "ADSK": 0.0008062624466482667,
  "ADP": 0.0013203896837596738,
  "AZO": 0.0008988066133661015,
  "AVB": 0.00037721367761760704,
  "AVY": 0.00020944004743853663,
  "AXON": 0.0005314087054552936,
  "BKR": 0.0009590068375387462,
  "BALL": 0.0002532868971916175,
  "BAC": 0.005709210297881523,
  "BAX": 0.00013707527332424056,
  "BDX": 0.0008977091096212264,
  "BBY": 0.00021410059852904057,
  "TECH": 0.0001324882753112074,
  "BIIB": 0.00040925030342813754,
  "BLK": 0.0023845543341112514,
  "BX": 0.002179493027271796,
  "XYZ": 0.0005865317003127134,
  "BK": 0.00137072936749748,
  "BA": 0.002646711325587765,
  "BKNG": 8.778085536870287e-05,
  "BSX": 0.0014876093333681414,
  "BMY": 0.001924465235026076,
  "AVGO": 0.02356204907816346,
  "BR": 0.0003031167828583168,
  "BRO": 0.00036293825320761995,
  "BLDR": 0.00014130713652392532,
  "BG": 0.0003946788039845461,
  "BXP": 0.00014689880437987867,
  "CHRW": 0.0003178672671759756,
  "CDNS": 0.0012205063855797132,
  "CPT": 0.00017005028705860645,
  "CPB": 0.00010473504805665239,
  "COF": 0.0018160898774385631,
  "CAH": 0.0007985861295132125,
  "CCL": 0.0005713949459181005,
  "CARR": 0.0007422222665431007,
  "CVNA": 0.0010997744377707502,
  "CAT": 0.005327331281646655,
  "CBOE": 0.0004897891504031329,
  "CBRE": 0.0006471878016066362,
  "CDW": 0.0002547074691243747,
  "COR": 0.0009996042147789742,
  "CNC": 0.00027923820068067294,
  "CNP": 0.0004564668857518708,
  "CF": 0.0003212186012649593,
  "CRL": 0.00013070171084656804,
  "SCHW": 0.0026743572828315243,
  "CHTR": 0.00044944745650318314,
  "CVX": 0.006290658265685669,
  "CMG": 0.0007014435841939944,
  "CB": 0.002041018537978867,
  "CHD": 0.0003509119206340292,
  "CIEN": 0.0009906581082945016,
  "CI": 0.0011694463179521969,
  "CINF": 0.000396124702424041,
  "CTAS": 0.0011096551086935249,
  "CSCO": 0.005021338976232388,
  "C": 0.0032551205526109373,
  "CFG": 0.0004180103989753832,
  "CLX": 0.00020049936572841045,
  "CME": 0.0017878292867254844,
  "CMS": 0.0003868785993823402,
  "KO": 0.005287342720949038,
  "CTSH": 0.00047825340043489194,
  "COHR": 0.0007628868006379608,
  "COIN": 0.0007623790940461202,
  "CL": 0.0010876669950168718,
  "CMCSA": 0.0016257231732051264,
  "FIX": 0.0007981388143851798,
  "CAG": 0.00012049018587754962,
  "COP": 0.002539489026663132,
  "ED": 0.0006645552493559768,
  "STZ": 0.0004225288438535661,
  "CEG": 0.0015904203103682508,
  "COO": 0.00021768794298145585,
  "CPRT": 0.0005144419393822249,
  "GLW": 0.001978614156094683,
  "CPAY": 0.00033370146454709886,
  "CTVA": 0.0009099587076064711,
  "CSGP": 0.00027409714856846905,
  "COST": 0.007195775721660983,
  "CTRA": 0.00041706070399176557,
  "CRH": 0.0011196241446152914,
  "CRWD": 0.001595192673901081,
  "CCI": 0.0006055420703842861,
  "CSX": 0.001222493944469759,
  "CMI": 0.0012048287877186375,
  "CVS": 0.0014925807795836117,
  "DHR": 0.002160662262982198,
  "DRI": 0.00036105536631896864,
  "DDOG": 0.0006561573065153981,
  "DVA": 0.00015846225010871345,
  "DECK": 0.00023128185560465468,
  "DE": 0.0024555082910828045,
  "DELL": 0.0018357065150623906,
  "DAL": 0.0006973242850619974,
  "DVN": 0.0004879853802535938,
  "DXCM": 0.0003931309132514663,
  "FANG": 0.0008694238786680443,
  "DLR": 0.001014423979347322,
  "DG": 0.0004341658018106672,
  "DLTR": 0.0003535089169745925,
  "D": 0.0008791117413459772,
  "DPZ": 0.00020226861013037756,
  "DASH": 0.0010757108577161489,
  "DOV": 0.00044288756446448925,
  "DOW": 0.0004618368568056198,
  "DHI": 0.0006529932905381826,
  "DTE": 0.0004914274322557436,
  "DUK": 0.0016403896715585066,
  "DD": 0.0003019827762643759,
  "ETN": 0.0022298868280356122,
  "EBAY": 0.0007033208829114817,
  "SATS": 0.0005822735138857032,
  "ECL": 0.0011954769996152727,
  "EIX": 0.0004506265606187988,
  "EW": 0.0007524323454502828,
  "EA": 0.0008139796783464637,
  "ELV": 0.0010717130604577655,
  "EME": 0.0005364515887594459,
  "EMR": 0.0011843696761029427,
  "ETR": 0.0008410936155519145,
  "EOG": 0.001218094125681199,
  "EPAM": 0.00012132842789183969,
  "EQT": 0.0005989769169680635,
  "EFX": 0.00035328287381703827,
  "EQIX": 0.0015800397759008831,
  "EQR": 0.0003785946421617629,
  "ERIE": 0.00020901923527432879,
  "ESS": 0.0002737550936703745,
  "EL": 0.0004025954124796547,
  "EG": 0.00021033717766591226,
  "EVRG": 0.000304218469561724,
  "ES": 0.00041728929613967533,
  "EXC": 0.000804979062683619,
  "EXE": 0.0003960636573729623,
  "EXPE": 0.00044178002815500975,
  "EXPD": 0.0003088694292590311,
  "EXR": 0.00047477017243469116,
  "XOM": 0.010695972416017274,
  "FFIV": 0.0002774853776588809,
  "FDS": 0.00013642528078357938,
  "FICO": 0.0004134504186261505,
  "FAST": 0.000844074692452075,
  "FRT": 0.00014820596258149639,
  "FDX": 0.0013688678202332153,
  "FIS": 0.0003839082413134183,
  "FITB": 0.0006833321580544734,
  "FSLR": 0.00033503478257922436,
  "FE": 0.00047230029881826927,
  "FISV": 0.0004871343115891172,
  "F": 0.0007408430013258485,
  "FTNT": 0.0009745104504683748,
  "FTV": 0.00028543201848907584,
  "FOXA": 0.00040510342291331903,
  "FOX": 0.00040137676633416475,
  "BEN": 0.00019580379869988147,
  "FCX": 0.001392722579154844,
  "GRMN": 0.0007379256491845763,
  "IT": 0.00017957893587740913,
  "GE": 0.004805356095382921,
  "GEHC": 0.0005124293154203497,
  "GEV": 0.0038884369447789386,
  "GEN": 0.00018899191608898858,
  "GNRC": 0.00018052019958523537,
  "GD": 0.0015057580139820896,
  "GIS": 0.00032074769163645614,
  "GM": 0.0010865603410502077,
  "GPC": 0.00022956324787648118,
  "GILD": 0.002766933213890713,
  "GPN": 0.00029030996904547964,
  "GL": 0.00017974247975220746,
  "GDDY": 0.00017886399310172713,
  "GS": 0.004098342248316087,
  "HAL": 0.0005078403484756637,
  "HIG": 0.0006060910183329049,
  "HAS": 0.00020062523029705582,
  "HCA": 0.0017132011235532465,
  "DOC": 0.00018599116621198145,
  "HSIC": 0.00014042740805763078,
  "HSY": 0.0006721810441950097,
  "HPE": 0.0005183177118971779,
  "HLT": 0.0011322353724373864,
  "HOLX": 0.0002707849316776338,
  "HD": 0.005168905387329872,
  "HON": 0.0023126722832153756,
  "HRL": 0.00019256145028827867,
  "HST": 0.00021244347702335342,
  "HWM": 0.0015096916943292222,
  "HPQ": 0.00028102229785336553,
  "HUBB": 0.00042038448937729134,
  "HUM": 0.0003550171022809803,
  "HBAN": 0.000516844624227224,
  "HII": 0.0002521678740858563,
  "IBM": 0.003676100296594973,
  "IEX": 0.000225079769917278,
  "IDXX": 0.0007300005767343127,
  "ITW": 0.001186126518686449,