{
  "MMM": 0.001209597443798658,
  "AOS": 0.0001422136899046204,
  "ABT": 0.002784356389658294,
  "ABBV": 0.005769723691470743,
  "ACN": 0.0018796401309410268,
  "ADBE": 0.001537499360655622,
  "AMD": 0.005848553274760373,
  "AES": 0.0001594956840228398,
  "AFL": 0.0009087313237861178,
  "A": 0.0005124311562819931,
  "APD": 0.0009995718452409674,
  "ABNB": 0.0012412346794843545,
  "AKAM": 0.0002619892878521412,
  "ALB": 0.00032154996862625556,
  "ARE": 0.0001208463926604023,
  "ALGN": 0.0001985732599031819,
  "ALLE": 0.0001918631222092253,
  "LNT": 0.0002896704231630434,
  "ALL": 0.0008493271989620272,
  "GOOGL": 0.0594559667229297,
  "GOOG": 0.0589388371721171,
  "MO": 0.0017020631959849782,
  "AMZN": 0.036793918245875946,
  "AMCR": 0.00029896622068682896,
  "AEE": 0.0004795444919375975,
  "AEP": 0.0011309613269910627,
  "AXP": 0.003361441482902785,
  "AIG": 0.0006441570116707772,
  "AMT": 0.001272092710482224,
  "AWK": 0.0004032932117940593,
  "AMP": 0.0006473558820739609,
  "AME": 0.0008124187007641762,
  "AMGN": 0.0029062751023914888,
  "APH": 0.0025410589416003694,
  "ADI": 0.002617510234562227,
  "AON": 0.0010987986048160549,
  "APA": 0.00021116785479348202,
  "APO": 0.0009643924696154677,
  "AAPL": 0.058801798837720236,
  "AMAT": 0.004734893088332245,
  "APP": 0.002123702165654299,
  "APTV": 0.00023646839584757926,
  "ACGL": 0.0005411003275860268,
  "ADM": 0.000522599141891509,
  "ARES": 0.000525315490109539,
  "ANET": 0.002805166620696295,
  "AJG": 0.0008821671809374824,
  "AIZ": 0.0001731216128829093,
  "T": 0.0029720155722855325,
  "ATO": 0.0004829184927255535,
  "ADSK": 0.0008010063392506661,
  "ADP": 0.0012746019275356837,
  "AZO": 0.0008863825766079671,
  "AVB": 0.000366084789703724,
  "AVY": 0.0002074428146668603,
  "AXON": 0.0004969337855920506,
  "BKR": 0.00096457405100153,
  "BALL": 0.0002538608991135115,
  "BAC": 0.005722175680780913,
  "BAX": 0.00013838255781836124,
  "BDX": 0.0008817273052731716,
  "BBY": 0.00021169257860283777,
  "TECH": 0.00013257389988717428,
  "BIIB": 0.00040310162023358167,
  "BLK": 0.0024412927766267836,
  "BX": 0.002212141770609364,
  "XYZ": 0.0005976097006391729,
  "BK": 0.0013756229552626513,
  "BA": 0.002642875190294229,
  "BKNG": 0.002246130857051044,
  "BSX": 0.0014378300560363795,
  "BMY": 0.0018565138951049487,
  "AVGO": 0.025635930835643597,
  "BR": 0.0002939440685151262,
  "BRO": 0.00035623274426575704,
  "BLDR": 0.00014390610850411532,
  "BG": 0.00037057017407844103,
  "BXP": 0.00014474419844017028,
  "CHRW": 0.00031482735793719404,
  "CDNS": 0.0012314944937731882,
  "CPT": 0.00016574355821795956,
  "CPB": 9.636517643762254e-05,
  "COF": 0.001838684090219555,
  "CAH": 0.0007842171476078333,
  "CCL": 0.00059986634351405,
  "CARR": 0.0007537927001646425,
  "CVNA": 0.00115819917046702,
  "CAT": 0.005550276770979931,
  "CBOE": 0.00047428368449649907,
  "CBRE": 0.00065597982211365,
  "CDW": 0.0002553108808221649,
  "COR": 0.000971982914758847,
  "CNC": 0.0002800473406033716,
  "CNP": 0.00043845069214917104,
  "CF": 0.0002876830063124433,
  "CRL": 0.000135018424202329,
  "SCHW": 0.002594067740771285,
  "CHTR": 0.00043681954217276466,
  "CVX": 0.005892603126721164,
  "CMG": 0.0007009795284023022,
  "CB": 0.0019855934099399473,
  "CHD": 0.0003439932881188832,
  "CIEN": 0.0010724161069101447,
  "CI": 0.001132595877248937,
  "CINF": 0.00038987725825922705,
  "CTAS": 0.001082101379664518,
  "CSCO": 0.00503033801566472,
  "C": 0.0033108613109367026,
  "CFG": 0.0004222793030485915,
  "CLX": 0.0002021068355826519,
  "CME": 0.0017026184269925524,
  "CMS": 0.00037248392875667644,
  "KO": 0.005116849311465732,
  "CTSH": 0.000459831439572187,
  "COHR": 0.0007856637608133502,
  "COIN": 0.0007489323314784915,
  "CL": 0.0010586116632730004,
  "CMCSA": 0.0015684598449941746,
  "FIX": 0.0008384078464830585,
  "CAG": 0.00011492036146190335,
  "COP": 0.0023443848818996064,
  "ED": 0.0006294695753152004,
  "STZ": 0.00040974430841897734,
  "CEG": 0.0015981480520536957,
  "COO": 0.0002159547201989257,
  "CPRT": 0.0005051394592328334,
  "GLW": 0.0021134001390426113,
  "CPAY": 0.0003293584131235702,
  "CTVA": 0.0008673901932438023,
  "CSGP": 0.0002620678438875535,
  "COST": 0.007034256209781153,
  "CTRA": 0.0003877095629341553,
  "CRH": 0.0011754143824216396,
  "CRWD": 0.0016996824905040132,
  "CCI": 0.0005664964896395396,
  "CSX": 0.0012052382193999064,
  "CMI": 0.0012625780238112215,
  "CVS": 0.001554018881377537,
  "DHR": 0.0021488568759452462,
  "DRI": 0.0003477326443838355,
  "DDOG": 0.0006676877856665634,
  "DVA": 0.00015635960760265554,
  "DECK": 0.0002396272732205986,
  "DE": 0.0025285245507590533,
  "DELL": 0.0018882999804952856,
  "DAL": 0.0007050563705475451,
  "DVN": 0.00045399404608476154,
  "DXCM": 0.00039730000914739986,
  "FANG": 0.0008086857637221822,
  "DLR": 0.001000838084637018,
  "DG": 0.00041806018931332407,
  "DLTR": 0.00033092915249183794,
  "D": 0.0008539182780672382,
  "DPZ": 0.000194685308160241,
  "DASH": 0.0010916198797352975,
  "DOV": 0.0004494896264894895,
  "DOW": 0.0004194011395666783,
  "DHI": 0.0006520178268583667,
  "DTE": 0.0004778617021725403,
  "DUK": 0.0015764440872212226,
  "DD": 0.00030594369359433966,
  "ETN": 0.0023166375682134024,
  "EBAY": 0.000672251344736715,
  "SATS": 0.0005524132229220123,
  "ECL": 0.0011791900295411392,
  "EIX": 0.00043927101799793005,
  "EW": 0.000744492580787776,
  "EA": 0.0007926239780868686,
  "ELV": 0.0010844580607268861,
  "EME": 0.0005466288039131598,
  "EMR": 0.0012539725787604522,
  "ETR": 0.0008120071078148801,
  "EOG": 0.0011456330012942265,
  "EPAM": 0.00011297776794785217,
  "EQT": 0.0005762624793558657,
  "EFX": 0.000348184405144119,
  "EQIX": 0.0015560648974713815,
  "EQR": 0.0003695251118694734,
  "ERIE": 0.00020423387053259822,
  "ESS": 0.0002705757771281842,
  "EL": 0.00040120531185932744,
  "EG": 0.00020638348398705928,
  "EVRG": 0.00029579483854037325,
  "ES": 0.00040665863243251636,
  "EXC": 0.0007781006450350414,
  "EXE": 0.00037040915327284476,
  "EXPE": 0.00045428824987757985,
  "EXPD": 0.00030155482001231965,
  "EXR": 0.00047038451500254665,
  "XOM": 0.00998009736867529,
  "FFIV": 0.0002701475005548625,
  "FDS": 0.000128924913252361,
  "FICO": 0.000412843204191333,
  "FAST": 0.0008470840300996965,
  "FRT": 0.00014526601453219586,
  "FDX": 0.0013648728541771314,
  "FIS": 0.00037557310035959995,
  "FITB": 0.0006894326809899796,
  "FSLR": 0.00033427458455979566,
  "FE": 0.00045726988360678366,
  "FISV": 0.0004744805512600019,
  "F": 0.0007552704561350072,
  "FTNT": 0.0009675461512312905,
  "FTV": 0.0002892422101463847,
  "FOXA": 0.00039650825201863904,
  "FOX": 0.0003922659718797245,
  "BEN": 0.00020055843638141284,
  "FCX": 0.0014499926403994093,
  "GRMN": 0.0007495968163896851,
  "IT": 0.0001712556051477188,
  "GE": 0.005054385314660341,
  "GEHC": 0.0005178418938910023,
  "GEV": 0.003918222001919745,
  "GEN": 0.000184211678558575,
  "GNRC": 0.00018461720184655882,
  "GD": 0.0014652542476481208,
  "GIS": 0.00030378867782352744,
  "GM": 0.0011025598881297266,
  "GPC": 0.0002285442146670237,
  "GILD": 0.0026936287448368523,
  "GPN": 0.00028486801815350726,
  "GL": 0.00017881938827098856,
  "GDDY": 0.00017553654362687565,
  "GS": 0.004119960002298103,
  "HAL": 0.0004828028831556385,
  "HIG": 0.0005942485065188024,
  "HAS": 0.00020258103184495852,
  "HCA": 0.0017451131745241624,
  "DOC": 0.000181024868032187,
  "HSIC": 0.00013677476491559082,
  "HSY": 0.0006520751549683521,
  "HPE": 0.0005124804126957832,
  "HLT": 0.0011205846848570658,
  "HOLX": 0.0002633015740505028,
  "HD": 0.005188973921040271,
  "HON": 0.0022722844238569906,
  "HRL": 0.00018323899149954727,
  "HST": 0.00021285601509655891,
  "HWM": 0.0015607355495186122,
  "HPQ": 0.00026458506908054577,
  "HUBB": 0.00043029875566691654,
  "HUM": 0.00036983564972467114,
  "HBAN": 0.0005149188276267115,
  "HII": 0.00025108080356253773,
  "IBM": 0.0035383405224917565,
  "IEX": 0.00022748002190250662,
  "IDXX": 0.0007328040655737269,
  "ITW": 0.0011947434889861394,