{
  "MMM": 0.0012092970708063246,
  "AOS": 0.00013977287463192998,
  "ABT": 0.002650364403798874,
  "ABBV": 0.005541636234446052,
  "ACN": 0.001759610319751209,
  "ADBE": 0.0014629204900518103,
  "AMD": 0.006127226517621351,
  "AES": 0.00015768794267675162,
  "AFL": 0.0008907299759320295,
  "A": 0.0005005488738000973,
  "APD": 0.0010195740689428218,
  "ABNB": 0.0011897754140163073,
  "AKAM": 0.00021484290300951414,
  "ALB": 0.00033884768521577765,
  "ARE": 0.00011390512620564454,
  "ALGN": 0.00019139667474509016,
  "ALLE": 0.00019121614713245,
  "LNT": 0.0002879961473577008,
  "ALL": 0.0008451481385407642,
  "GOOGL": 0.05924300086217444,
  "GOOG": 0.058907450134871794,
  "MO": 0.0017165474342437075,
  "AMZN": 0.039287143187457955,
  "AMCR": 0.0002860439879732463,
  "AEE": 0.0004770161741940191,
  "AEP": 0.0011249303739415452,
  "AXP": 0.0033307624010004144,
  "AIG": 0.0006366019857859428,
  "AMT": 0.0012833882971000333,
  "AWK": 0.00040663227881574754,
  "AMP": 0.0006370258605919117,
  "AME": 0.0008163282396267608,
  "AMGN": 0.0028759254728814455,
  "APH": 0.0026790745887558228,
  "ADI": 0.0025879874556667963,
  "AON": 0.001047175406471504,
  "APA": 0.0002139773713018403,
  "APO": 0.0009573483158336043,
  "AAPL": 0.05818890088731419,
  "AMAT": 0.004791500445659805,
  "APP": 0.0021701982178952456,
  "APTV": 0.0002267841625418503,
  "ACGL": 0.0005265345269629332,
  "ADM": 0.0005162405818959385,
  "ARES": 0.000526798551743693,
  "ANET": 0.002887336731542641,
  "AJG": 0.0008671844039770026,
  "AIZ": 0.0001683128865063224,
  "T": 0.002782600502384963,
  "ATO": 0.0004771050531999633,
  "ADSK": 0.0007279496501820532,
  "ADP": 0.0011865169787318125,
  "AZO": 0.0008743184548953422,
  "AVB": 0.0003619400812477911,
  "AVY": 0.00019930141428172235,
  "AXON": 0.0004415236146687375,
  "BKR": 0.0009586512241509122,
  "BALL": 0.00025395551955381543,
  "BAC": 0.005789568375928472,
  "BAX": 0.00013583878265493898,
  "BDX": 0.0008522862179692883,
  "BBY": 0.00019465145919223017,
  "TECH": 0.00013393172370090864,
  "BIIB": 0.00039013628495613027,
  "BLK": 0.0023925865834256853,
  "BX": 0.002205519691628632,
  "XYZ": 0.0005878473189516022,
  "BK": 0.0013616442475787923,
  "BA": 0.0026311063626440504,
  "BKNG": 0.002136065658230042,
  "BSX": 0.0014162379881435905,
  "BMY": 0.0018152853376276993,
  "AVGO": 0.02729364596356019,
  "BR": 0.000276261884008826,
  "BRO": 0.000345186388627313,
  "BLDR": 0.00014354208094598134,
  "BG": 0.00036895440987908695,
  "BXP": 0.0001440733249901863,
  "CHRW": 0.000297253002834089,
  "CDNS": 0.0011908639930027086,
  "CPT": 0.00016122864119241142,
  "CPB": 9.085670545374993e-05,
  "COF": 0.0018404042316461644,
  "CAH": 0.0007766757397722731,
  "CCL": 0.0005761109469294277,
  "CARR": 0.000811217759730442,
  "CVNA": 0.0011559880473175326,
  "CASY": 0.00041679668210212385,
  "CAT": 0.005662743321865743,
  "CBOE": 0.00047923569446922995,
  "CBRE": 0.0006453626106367212,
  "CDW": 0.0002563570309238819,
  "COR": 0.0009455361574635851,
  "CNC": 0.00027863898827226724,
  "CNP": 0.0004316708544124105,
  "CF": 0.0002951772814888211,
  "CRL": 0.000134000570310506,
  "SCHW": 0.002566159980359961,
  "CHTR": 0.0004275397745819476,
  "CVX": 0.005842644501172226,
  "CMG": 0.0006953562331891916,
  "CB": 0.001969023231650401,
  "CHD": 0.0003413405147288141,
  "CIEN": 0.0010541897980482716,
  "CI": 0.001107958008752618,
  "CINF": 0.00038871192335130885,
  "CTAS": 0.001075655148056809,
  "CSCO": 0.004956765543902448,
  "C": 0.0033365513701354528,
  "CFG": 0.0004153134979540624,
  "CLX": 0.0001918403301655194,
  "CME": 0.0016692957793809924,
  "CMS": 0.0003712211707307575,
  "KO": 0.005036555727306762,
  "CTSH": 0.00043560582762600434,
  "COHR": 0.0008919421168792442,
  "COIN": 0.0007152054582135811,
  "CL": 0.0010249439471277353,
  "CMCSA": 0.0015491769358659214,
  "FIX": 0.0008749880688225618,
  "CAG": 0.00010484529792364801,
  "COP": 0.0023329228369028277,
  "ED": 0.0006342837040657415,
  "STZ": 0.0004396611840540941,
  "CEG": 0.0015823897362996404,
  "COO": 0.00021039980247617213,
  "CPRT": 0.00048711646751753836,
  "GLW": 0.0022919491115987872,
  "CPAY": 0.00033258788395293284,
  "CTVA": 0.0008666968283537422,
  "CSGP": 0.00023512349335099672,
  "COST": 0.0067052235626627555,
  "CTRA": 0.0003889406986679548,
  "CRH": 0.00118320075950436,
  "CRWD": 0.0015519163227913399,
  "CCI": 0.0005790206013556102,
  "CSX": 0.0011996506772787427,
  "CMI": 0.0012980185871804824,
  "CVS": 0.0015322799793520093,
  "DHR": 0.002079089053891148,
  "DRI": 0.0003335952947536649,
  "DDOG": 0.0005865784011889755,
  "DVA": 0.0001534999286671977,
  "DECK": 0.00024076092126308157,
  "DE": 0.0024892451460997904,
  "DELL": 0.001938762573836216,
  "DAL": 0.0006655538813539583,
  "DVN": 0.0004554987682804421,
  "DXCM": 0.00037723674356367074,
  "FANG": 0.00081623910883893,
  "DLR": 0.0010184680540607784,
  "DG": 0.0003936831363916421,
  "DLTR": 0.0003071164952933292,
  "D": 0.0008521226226885171,
  "DPZ": 0.00018865034808142437,
  "DASH": 0.0010376945595343139,
  "DOV": 0.0004471153441684176,
  "DOW": 0.00044522666529210375,
  "DHI": 0.0006330206402319767,
  "DTE": 0.00047189172040299805,
  "DUK": 0.001561882227532925,
  "DD": 0.00030036178525977893,
  "ETN": 0.0023686408671074947,
  "EBAY": 0.0006664118281323005,
  "SATS": 0.0005590871552901773,
  "ECL": 0.0011775289948374999,
  "EIX": 0.0004325683309469375,
  "EW": 0.0006895819303490433,
  "EA": 0.0007795792255422357,
  "ELV": 0.001050507991521581,
  "EME": 0.0005536346926464827,
  "EMR": 0.0012306369704898996,
  "ETR": 0.0008092568194526948,
  "EOG": 0.0011278555758992208,
  "EPAM": 0.00010266444977257094,
  "EQT": 0.0005556589560686916,
  "EFX": 0.0003338427334026497,
  "EQIX": 0.0015785515732214164,
  "EQR": 0.00036271742634970866,
  "ERIE": 0.0002055604759352755,
  "ESS": 0.0002623721001930221,
  "EL": 0.0004116333909551059,
  "EG": 0.0002051591670808866,
  "EVRG": 0.00029245488984074334,
  "ES": 0.00039616353417403123,
  "EXC": 0.0007591398237758259,
  "EXE": 0.000362229221271732,
  "EXPE": 0.00044308412732869864,
  "EXPD": 0.0002947157967635522,
  "EXR": 0.0004662086255512443,
  "XOM": 0.009776878986711004,
  "FFIV": 0.00025929499507593086,
  "FDS": 0.00012658762374373347,
  "FICO": 0.0003587181858095787,
  "FAST": 0.000808496941719155,
  "FRT": 0.00014445677306699966,
  "FDX": 0.0013572477581671938,
  "FIS": 0.0003600242728732039,
  "FITB": 0.0006814807222590803,
  "FSLR": 0.000332975470694506,
  "FE": 0.0004532281048095304,
  "FISV": 0.0004710271643501345,
  "F": 0.0007440007454481766,
  "FTNT": 0.0008760741299900979,
  "FTV": 0.0002880958215120299,
  "FOXA": 0.0004088423572702136,
  "FOX": 0.0004029142786428687,
  "BEN": 0.00020227546192538428,
  "FCX": 0.0014908228328258362,
  "GRMN": 0.0007653125714514039,
  "IT": 0.00016581503709192335,
  "GE": 0.004962661268557374,
  "GEHC": 0.0005098468956149328,
  "GEV": 0.004105391279926163,
  "GEN": 0.0001763272770545373,
  "GNRC": 0.0001832699265300124,
  "GD": 0.001405816106405504,
  "GIS": 0.00028015883815755424,
  "GM": 0.0010903801081265923,
  "GPC": 0.000229724392730878,
  "GILD": 0.0026159390217996383,
  "GPN": 0.0002861288699417418,
  "GL": 0.00017549856844776808,
  "GDDY": 0.0001662474410092984,
  "GS": 0.00399006812600378,
  "HAL": 0.000492382548619731,
  "HIG": 0.0005826126476397537,
  "HAS": 0.00019777931409582452,
  "HCA": 0.0016847561943413223,
  "DOC": 0.00017746770737319534,
  "HSIC": 0.00013125837444341603,
  "HSY": 0.0006159469957791939,
  "HPE": 0.0005120446997024307,
  "HLT": 0.0011348265351005622,
  "HD": 0.005138545519646199,
  "HON": 0.002267723665604665,
  "HRL": 0.00017213243346131133,
  "HST": 0.0002121130680594159,
  "HWM": 0.0015448026032603372,
  "HPQ": 0.0002695880274335869,
  "HUBB": 0.0004344611012789074,
  "HUM": 0.00035673483694393055,
  "HBAN": 0.0005098105760778012,
  "HII": 0.00023970733995890757,
  "IBM": 0.0033549843220481257,
  "IEX": 0.00022995976158567743,
  "IDXX": 0.0006891706446374009,
  "ITW": 0.0011887018160521544,