{
  "MMM": 0.001219224104484671,
  "AOS": 0.00013969640292895759,
  "ABT": 0.0026636599919586928,
  "ABBV": 0.005549161666802388,
  "ACN": 0.001769084997606699,
  "ADBE": 0.0014695476374130371,
  "AMD": 0.006169101638234885,
  "AES": 0.00015462367271511668,
  "AFL": 0.0008855917833579916,
  "A": 0.0005154908081252004,
  "APD": 0.0009896033642789815,
  "ABNB": 0.001214383549863903,
  "AKAM": 0.00020008280308962266,
  "ALB": 0.0003344739514905273,
  "ARE": 0.00011798343627418853,
  "ALGN": 0.00020225714083545277,
  "ALLE": 0.0001922365844001402,
  "LNT": 0.0002817180021675522,
  "ALL": 0.0008408693456367426,
  "GOOGL": 0.060285618248727274,
  "GOOG": 0.05984827871694351,
  "MO": 0.001639036154085302,
  "AMZN": 0.040099522709079884,
  "AMCR": 0.00028478400966178933,
  "AEE": 0.0004668339543795302,
  "AEP": 0.0011066172257764902,
  "AXP": 0.0033894833011185784,
  "AIG": 0.0006291467862854912,
  "AMT": 0.0012328035964576782,
  "AWK": 0.00039248801589666845,
  "AMP": 0.000643938946648298,
  "AME": 0.0008113322877577038,
  "AMGN": 0.002843176129812919,
  "APH": 0.002744164538493833,
  "ADI": 0.0025743211185663465,
  "AON": 0.0010425771792824483,
  "APA": 0.00019861915109126437,
  "APO": 0.0009922772937594308,
  "AAPL": 0.05710031858932447,
  "AMAT": 0.004703571836387482,
  "APP": 0.0021828023612295317,
  "APTV": 0.00022710457978358548,
  "ACGL": 0.0005163916712993774,
  "ADM": 0.0005027663047487873,
  "ARES": 0.0005587036729948751,
  "ANET": 0.0028947414996482795,
  "AJG": 0.0008580930745644025,
  "AIZ": 0.00016726703948154788,
  "T": 0.0026985799548780755,
  "ATO": 0.00046714782657343026,
  "ADSK": 0.0007250843181501859,
  "ADP": 0.0011861464053682113,
  "AZO": 0.0008762612583125908,
  "AVB": 0.00036052306065300027,
  "AVY": 0.00019888290677455006,
  "AXON": 0.00045565860494617687,
  "BKR": 0.0009244573918554201,
  "BALL": 0.00025528867697856836,
  "BAC": 0.005768062934261304,
  "BAX": 0.0001394744649927558,
  "BDX": 0.0008517790420858543,
  "BBY": 0.00019433771409445424,
  "TECH": 0.0001421952871147158,
  "BIIB": 0.00040036212336768084,
  "BLK": 0.0025066888489292216,
  "BX": 0.002323739922913049,
  "XYZ": 0.0005999317451117727,
  "BK": 0.0013668644756653651,
  "BA": 0.0026543690788552,
  "BKNG": 0.0021652773470801664,
  "BSX": 0.0014395015475702328,
  "BMY": 0.0018003056247176538,
  "AVGO": 0.027101427424217405,
  "BR": 0.00027787795758417086,
  "BRO": 0.0003441653339226048,
  "BLDR": 0.00014734329704159824,
  "BG": 0.0003617550722574232,
  "BXP": 0.00014623874395586003,
  "CHRW": 0.0002964815641891221,
  "CDNS": 0.0012135853877447186,
  "CPT": 0.00016063574126267462,
  "CPB": 8.890298777925303e-05,
  "COF": 0.0018757302173569457,
  "CAH": 0.0007630376796677024,
  "CCL": 0.00059883421049705,
  "CARR": 0.0008164561109537019,
  "CVNA": 0.0012554160920058707,
  "CASY": 0.0004100238276937497,
  "CAT": 0.005615283252972745,
  "CBOE": 0.00047040911723922113,
  "CBRE": 0.0006599902361365066,
  "CDW": 0.0002543736380354612,
  "COR": 0.000936129093729078,
  "CNC": 0.0002806855002425033,
  "CNP": 0.0004215587079456318,
  "CF": 0.00027316012594230345,
  "CRL": 0.00013514164661802738,
  "SCHW": 0.002610571845291122,
  "CHTR": 0.0004160911801976148,
  "CVX": 0.005596294201194746,
  "CMG": 0.0006944542298180432,
  "CB": 0.0019296177601605827,
  "CHD": 0.00034122803438914524,
  "CIEN": 0.0009951799482689325,
  "CI": 0.001106692871011348,
  "CINF": 0.000383464884456538,
  "CTAS": 0.0010582431469992972,
  "CSCO": 0.004867087464548188,
  "C": 0.0033820638980181076,
  "CFG": 0.0004162562608059851,
  "CLX": 0.0001920046046515623,
  "CME": 0.001622926063692673,
  "CMS": 0.00036457692951158513,
  "KO": 0.004962253859263411,
  "CTSH": 0.0004396067292999494,
  "COHR": 0.0008717215570076192,
  "COIN": 0.0007528172433479512,
  "CL": 0.0010206306826453934,
  "CMCSA": 0.0015501068508960434,
  "FIX": 0.0008783925905700883,
  "CAG": 0.00010322046041063752,
  "COP": 0.002195097365030215,
  "ED": 0.0006195775406742953,
  "STZ": 0.0004361995778387232,
  "CEG": 0.0016106148942708373,
  "COO": 0.00021214723083593114,
  "CPRT": 0.0004859421813378943,
  "GLW": 0.002211498189800209,
  "CPAY": 0.0003265212988449848,
  "CTVA": 0.000841353697262871,
  "CSGP": 0.00023902937851971197,
  "COST": 0.0064812388043990485,
  "CTRA": 0.0003612896627904312,
  "CRH": 0.0011882401618116562,
  "CRWD": 0.0015155377189761726,
  "CCI": 0.0005645149669957551,
  "CSX": 0.0011907796451528275,
  "CMI": 0.0012847758216589867,
  "CVS": 0.0015126001417889146,
  "DHR": 0.0021297665368777514,
  "DRI": 0.0003385243034009989,
  "DDOG": 0.0005837216376508692,
  "DVA": 0.00015175370422777334,
  "DECK": 0.00023735052940236903,
  "DE": 0.002446168958992362,
  "DELL": 0.001834093130344557,
  "DAL": 0.00071152685337852,
  "DVN": 0.0004226673795627132,
  "DXCM": 0.000371452007765469,
  "FANG": 0.0007876834031312847,
  "DLR": 0.0010252118469175953,
  "DG": 0.00039490560922033447,
  "DLTR": 0.0002978686608651722,
  "D": 0.0008366637544025335,
  "DPZ": 0.00018680965580753628,
  "DASH": 0.0010662893072740625,
  "DOV": 0.00044627893517845614,
  "DOW": 0.00042222260902807025,
  "DHI": 0.0006413327646946624,
  "DTE": 0.0004630309920034487,
  "DUK": 0.0015202127919330837,
  "DD": 0.000288677518026577,
  "ETN": 0.0023789671144436287,
  "EBAY": 0.0006801295150500833,
  "SATS": 0.0005503168006590295,
  "ECL": 0.001170492901221869,
  "EIX": 0.00041937665759429006,
  "EW": 0.0006882827879901936,
  "EA": 0.0007669918399622333,
  "ELV": 0.0010612535311825847,
  "EME": 0.0005524891022770045,
  "EMR": 0.0012282416828488332,
  "ETR": 0.0007975378300438775,
  "EOG": 0.0010794913134829097,
  "EPAM": 0.00010421878778066447,
  "EQT": 0.0005335753255287989,
  "EFX": 0.000340943315844079,
  "EQIX": 0.0015676323586521611,
  "EQR": 0.00036239756314696144,
  "ERIE": 0.00020335089627347475,
  "ESS": 0.00026194399225100477,
  "EL": 0.00041063222886692673,
  "EG": 0.00020446101786039233,
  "EVRG": 0.00028427858719740323,
  "ES": 0.00039036834509870454,
  "EXC": 0.0007429733055788543,
  "EXE": 0.0003471361987152509,
  "EXPE": 0.00045964771876888635,
  "EXPD": 0.0002884358666706876,
  "EXR": 0.0004689133036758795,
  "XOM": 0.009297730799962092,
  "FFIV": 0.0002534533545206061,
  "FDS": 0.0001261691021574475,
  "FICO": 0.0003636569390757395,
  "FAST": 0.0007715798530281296,
  "FRT": 0.00014431065427880426,
  "FDX": 0.0013329987333681522,
  "FIS": 0.00036616668261005807,
  "FITB": 0.000679600677115364,
  "FSLR": 0.0003240477737061487,
  "FE": 0.00044522477625713076,
  "FISV": 0.00047709992592222185,
  "F": 0.0007640320504711019,
  "FTNT": 0.0008775708587284603,
  "FTV": 0.000287542500149068,
  "FOXA": 0.00040473125268915787,
  "FOX": 0.0003986043280203212,
  "BEN": 0.0002065226127388539,
  "FCX": 0.0014860250946313945,
  "GRMN": 0.0007628795404042925,
  "IT": 0.00016333981160546345,
  "GE": 0.005062357308719563,
  "GEHC": 0.0005158150460609081,
  "GEV": 0.004067574096878148,
  "GEN": 0.00017637095275180683,
  "GNRC": 0.00018656781934911457,
  "GD": 0.001383893908634977,
  "GIS": 0.0002764682475487607,
  "GM": 0.0011184246695071522,
  "GPC": 0.0002311547620167358,
  "GILD": 0.00262432471663603,
  "GPN": 0.00028844015487935207,
  "GL": 0.00017596708987679746,
  "GDDY": 0.00016605450991864727,
  "GS": 0.004027110930125468,
  "HAL": 0.0004766537054177428,
  "HIG": 0.0005778660424439307,
  "HAS": 0.0001982978130952291,
  "HCA": 0.0016888682238084076,
  "DOC": 0.0001769958126251456,
  "HSIC": 0.00013339916850521377,
  "HSY": 0.0006046089775982271,
  "HPE": 0.00048650708341598593,
  "HLT": 0.0011397776040240344,
  "HD": 0.005134840498719264,
  "HON": 0.0022338514184015237,
  "HRL": 0.0001702209211168574,
  "HST": 0.0002164182558153006,
  "HWM": 0.0015674056697509641,
  "HPQ": 0.00026183746574367855,
  "HUBB": 0.000437626348157525,
  "HUM": 0.00036161624535821437,
  "HBAN": 0.0005123114870307869,
  "HII": 0.00023546286920340506,
  "IBM": 0.0033875969829129733,
  "IEX": 0.0002306093265549555,
  "IDXX": 0.0006984107347446497,
  "ITW": 0.001184777016834416,