{
  "MMM": 0.0011078545082068793,
  "AOS": 0.0001301063895093698,
  "ABT": 0.002371224132564952,
  "ABBV": 0.005173352106361341,
  "ACN": 0.0016294809635165025,
  "ADBE": 0.0014311538956330973,
  "AMD": 0.007943168715581074,
  "AES": 0.00015154103106471026,
  "AFL": 0.0008710944052491665,
  "A": 0.0004817086876151064,
  "APD": 0.0009874566323373362,
  "ABNB": 0.0012536058804897732,
  "AKAM": 0.00020480805003863137,
  "ALB": 0.0003335180602851346,
  "ARE": 0.00011890447600559964,
  "ALGN": 0.0001957030467105854,
  "ALLE": 0.00018580349351145662,
  "LNT": 0.0002745942802666601,
  "ALL": 0.0008191600406603684,
  "GOOGL": 0.06214514144609459,
  "GOOG": 0.06179675108593884,
  "MO": 0.001610164791436669,
  "AMZN": 0.0411559602590282,
  "AMCR": 0.00026305656547295314,
  "AEE": 0.00045417329701279017,
  "AEP": 0.0010807646814694827,
  "AXP": 0.003158754601806021,
  "AIG": 0.0005867289070235058,
  "AMT": 0.0012033681044736635,
  "AWK": 0.0003786005747361537,
  "AMP": 0.0006253120242404029,
  "AME": 0.0007789243989878473,
  "AMGN": 0.0027171324942794157,
  "APH": 0.002652591890074531,
  "ADI": 0.002794484110175737,
  "AON": 0.0010228036783957195,
  "APA": 0.0001978088642614723,
  "APO": 0.001050653040840333,
  "AAPL": 0.057431968563895326,
  "AMAT": 0.004680984224782389,
  "APP": 0.0022614185140236594,
  "APTV": 0.00022078111237585596,
  "ACGL": 0.0005078101333942659,
  "ADM": 0.0004951076010754937,
  "ARES": 0.00037385458717390435,
  "ANET": 0.0031494838477596995,
  "AJG": 0.0008143404227989648,
  "AIZ": 0.00017037791582218408,
  "T": 0.0026734633934144473,
  "ATO": 0.00045382816811769146,
  "ADSK": 0.0007432545562571826,
  "ADP": 0.0011756355659688416,
  "AZO": 0.0008651657403868837,
  "AVB": 0.0003542244732682025,
  "AVY": 0.0001860773033723968,
  "AXON": 0.00047654757284645464,
  "BKR": 0.0009999060661308456,
  "BALL": 0.00024091719820886967,
  "BAC": 0.005488298401993886,
  "BAX": 0.00013865490326090833,
  "BDX": 0.0006335628800785438,
  "BBY": 0.0001838019080085981,
  "TECH": 0.0001255445602401849,
  "BIIB": 0.000393840846003971,
  "BLK": 0.002389816548520362,
  "BX": 0.0021534460588048115,
  "XYZ": 0.000634657098963735,
  "BK": 0.0013462140065417395,
  "BA": 0.0026542941817686377,
  "BKNG": 0.0020435381442751297,
  "BSX": 0.0013279436068314697,
  "BMY": 0.0017443056891031288,
  "AVGO": 0.02891070781755464,
  "BR": 0.00027018627768952226,
  "BRO": 0.0003337377805418856,
  "BLDR": 0.00014021422670598425,
  "BG": 0.00035461729826821617,
  "BXP": 0.00013511896798150077,
  "CHRW": 0.00032288561095909877,
  "CDNS": 0.0013577328710183373,
  "CPT": 0.0001565157738286944,
  "CPB": 8.953662746690892e-05,
  "COF": 0.0017879061123796483,
  "CAH": 0.0006971260893380291,
  "CCL": 0.0005371708230147551,
  "CARR": 0.0007585464857984793,
  "CVNA": 0.000859438425727099,
  "CASY": 0.00043301333579481697,
  "CAT": 0.00559250679707659,
  "CBOE": 0.00046321640646523226,
  "CBRE": 0.0006301435886403567,
  "CDW": 0.00025267724468860866,
  "COR": 0.0008904082360475753,
  "CNC": 0.0003106494138737805,
  "CNP": 0.0004127071918860351,
  "CF": 0.00027332881765677436,
  "CRL": 0.00012516410200872063,
  "SCHW": 0.0023105376377817646,
  "CHTR": 0.00037191351479093793,
  "CVX": 0.005416980808623946,
  "CMG": 0.0006481639515010727,
  "CB": 0.0018755367941890638,
  "CHD": 0.00033189930431159326,
  "CIEN": 0.0010459404615630239,
  "CI": 0.001096272729296108,
  "CINF": 0.00037992111749236975,
  "CTAS": 0.0010344728651463348,
  "CSCO": 0.005088658231918116,
  "C": 0.0032862562256814653,
  "CFG": 0.00040267537129464224,
  "CLX": 0.00017142795052459692,
  "CME": 0.0015083836448296353,
  "CMS": 0.0003456476990492144,
  "KO": 0.004794672048122472,
  "CTSH": 0.00038712950276808427,
  "COHR": 0.0008731473488612191,
  "COIN": 0.0007603994599637457,
  "CL": 0.0009907559180943088,
  "CMCSA": 0.001453146932808156,
  "FIX": 0.0009183266963106369,
  "CAG": 9.960822733019514e-05,
  "COP": 0.0021718242775263176,
  "ED": 0.0005925146936860434,
  "STZ": 0.0003913939667840496,
  "CEG": 0.0016607421132921734,
  "COO": 0.0001858796001659637,
  "CPRT": 0.0004721996031263526,
  "GLW": 0.0021286121467691053,
  "CPAY": 0.00030161458895560934,
  "CTVA": 0.0007865863324984672,
  "CSGP": 0.00022697702850944774,
  "COST": 0.00656180739229631,
  "CTRA": 0.0003741722210204807,
  "CRH": 0.0011474986461390269,
  "CRWD": 0.0016943958125521484,
  "CCI": 0.0005420911159774079,
  "CSX": 0.0012377734151037263,
  "CMI": 0.001330348763215751,
  "CVS": 0.0014641957400141636,
  "DHR": 0.0018751756365211366,
  "DRI": 0.0003360502762113324,
  "DDOG": 0.0006777854838853824,
  "DVA": 0.00014679845036709774,
  "DECK": 0.00022500433381903768,
  "DE": 0.0022414028390936452,
  "DELL": 0.0020519319383458727,
  "DAL": 0.0006582526532245069,
  "DVN": 0.0004382824796897046,
  "DXCM": 0.0003494270375474735,
  "FANG": 0.0008108564759737502,
  "DLR": 0.000999938543906502,
  "DG": 0.00038293884914984445,
  "DLTR": 0.0002823160065028876,
  "D": 0.0008069604636178419,
  "DPZ": 0.0001639325031347516,
  "DASH": 0.0011369884537263443,
  "DOV": 0.0004451194116625102,
  "DOW": 0.00039576219759340125,
  "DHI": 0.0006629670935203839,
  "DTE": 0.0004545078301086221,
  "DUK": 0.0014555070645496607,
  "DD": 0.0002790413342172997,
  "ETN": 0.0023751906234950205,
  "EBAY": 0.0006596954228776479,
  "SATS": 0.000509253203211692,
  "ECL": 0.0011070851271111088,
  "EIX": 0.00038609459634564444,
  "EW": 0.000714114547419157,
  "EA": 0.0007441666954869843,
  "ELV": 0.0011280750152450995,
  "EME": 0.0005651379699248727,
  "EMR": 0.0011576593272580472,
  "ETR": 0.0007636317490522663,
  "EOG": 0.0010518918788781234,
  "EPAM": 9.217657985916457e-05,
  "EQT": 0.0005461873379115303,
  "EFX": 0.0003103327105364882,
  "EQIX": 0.0015827691573255323,
  "EQR": 0.00034444836263135357,
  "ERIE": 0.0001764906414241385,
  "ESS": 0.000242658826432549,
  "EL": 0.000407589871086591,
  "EG": 0.0002020032099004198,
  "EVRG": 0.00027642480214339516,
  "ES": 0.0003781076749634614,
  "EXC": 0.0007058675336838664,
  "EXE": 0.00034194475236153327,
  "EXPE": 0.00044740141064058284,
  "EXPD": 0.0002899833429706406,
  "EXR": 0.000436514001770716,
  "XOM": 0.00908628412269649,
  "FFIV": 0.00024799399146196175,
  "FDS": 0.0001205288375471667,
  "FICO": 0.0003602477499131736,
  "FAST": 0.0007580171160651377,
  "FRT": 0.00014087133135088368,
  "FDX": 0.0013471995059228389,
  "FIS": 0.0003517519900347553,
  "FITB": 0.0006633431993697132,
  "FSLR": 0.0003027644582992727,
  "FE": 0.00042115108337597456,
  "FISV": 0.00048089710342083964,
  "F": 0.0007325017710692186,
  "FTNT": 0.000935243415127607,
  "FTV": 0.0002783079128028936,
  "FOXA": 0.00039827904510819786,
  "FOX": 0.00035694231078835497,
  "BEN": 0.0002068038873954287,
  "FCX": 0.0012743546766699084,
  "GRMN": 0.0007308468452993131,
  "IT": 0.00014890389271262817,
  "GE": 0.004312052542000419,
  "GEHC": 0.0004714756368869296,
  "GEV": 0.00437553704818433,
  "GEN": 0.00017056936060327117,
  "GNRC": 0.00018542025876035442,
  "GD": 0.0012471619536155523,
  "GIS": 0.000272162199145998,
  "GM": 0.0010269858073482603,
  "GPC": 0.00021645403409000234,
  "GILD": 0.0023353532998289317,
  "GPN": 0.0002776662816268951,
  "GL": 0.00017552190621836634,
  "GDDY": 0.0001676764972884309,
  "GS": 0.004041674639431238,
  "HAL": 0.0004935961838503323,
  "HIG": 0.000551421182486481,
  "HAS": 0.00019621974951109238,
  "HCA": 0.0014472494249986748,
  "DOC": 0.00016803310746743772,
  "HSIC": 0.00013035632130142403,
  "HSY": 0.0005665630899180452,
  "HPE": 0.0005534611590014138,
  "HLT": 0.001120492385138624,
  "HD": 0.004873767498449968,
  "HON": 0.0019599983414755606,
  "HRL": 0.00017449100698913364,
  "HST": 0.00021089652236634334,
  "HWM": 0.001412883015659971,
  "HPQ": 0.00026444629609690296,
  "HUBB": 0.00042866308482614754,
  "HUM": 0.0003858480414017985,
  "HBAN": 0.0004894814417798143,
  "HII": 0.0002084448855425018,
  "IBM": 0.0031482277202590824,
  "IEX": 0.00022359059005227353,
  "IDXX": 0.0006679944850999885,
  "ITW": 0.001134479560565105,