{
  "MMM": 0.0011225207429641233,
  "AOS": 0.0001308746816664661,
  "ABT": 0.00236117939624823,
  "ABBV": 0.005287347021974461,
  "ACN": 0.0017229028114946361,
  "ADBE": 0.0015247385516582229,
  "AMD": 0.007121034992997506,
  "AES": 0.00015188914578800143,
  "AFL": 0.0008832287225704395,
  "APD": 0.0009690462680599241,
  "ABNB": 0.0012665292880158483,
  "AKAM": 0.0002121550806385457,
  "ALB": 0.00033219547951672995,
  "ARE": 0.00012068044026469336,
  "ALGN": 0.00020561344955049774,
  "ALLE": 0.0001824774338707016,
  "LNT": 0.000271470148844513,
  "ALL": 0.0008122263088734844,
  "GOOGL": 0.059987241495632435,
  "GOOG": 0.05962662236204721,
  "MO": 0.0015962438195704558,
  "AMZN": 0.039961817751316735,
  "AMCR": 0.00027595288966362623,
  "AEE": 0.00044723908041822714,
  "AEP": 0.0010576899625093156,
  "AXP": 0.003355663110198219,
  "AIG": 0.0005934380488076977,
  "AMT": 0.0012043395748917122,
  "AWK": 0.00037976963863377815,
  "AMP": 0.0006343435550198184,
  "AME": 0.0007787291204329502,
  "AMGN": 0.002736961870125057,
  "APH": 0.0026546994919075806,
  "ADI": 0.002721721056600288,
  "AON": 0.0010336691700257364,
  "APA": 0.0001962223312925513,
  "APO": 0.0011035004627213212,
  "AAPL": 0.05879913508939033,
  "AMAT": 0.0046303350275000215,
  "APP": 0.002376227007890287,
  "APTV": 0.00022220781910473942,
  "ACGL": 0.0005056621387798146,
  "ADM": 0.0004904833399315951,
  "ARES": 0.0005897091682613208,
  "ANET": 0.0032189086582520557,
  "AJG": 0.000826992117644898,
  "AIZ": 0.00016718275599787299,
  "T": 0.0026096776788332213,
  "ATO": 0.00044387843832949735,
  "ADSK": 0.000766945128888087,
  "ADP": 0.0011947013753654874,
  "AZO": 0.000872533927691874,
  "AVB": 0.0003528294947253907,
  "AVY": 0.00019033735803562613,
  "AXON": 0.000479400396936859,
  "BKR": 0.0009020954397974995,
  "BALL": 0.00024652706097858836,
  "BAC": 0.005599867307768013,
  "BAX": 0.00014127568878175763,
  "BDX": 0.0008275236634224589,
  "BBY": 0.00019523797612113747,
  "TECH": 0.00013502564998104367,
  "BIIB": 0.0004104391743637614,
  "BLK": 0.0024112956759035895,
  "BX": 0.0023418955385925877,
  "XYZ": 0.0006467825803451091,
  "BK": 0.0013940618989140353,
  "BA": 0.00263404445426492,
  "BKNG": 0.0021228892948334794,
  "BSX": 0.001406593916179137,
  "BMY": 0.0017691479557927178,
  "AVGO": 0.02897900048944554,
  "BR": 0.0002749912110519205,
  "BRO": 0.00033823845185379633,
  "BLDR": 0.00014541844661782022,
  "BG": 0.0003573586412893708,
  "BXP": 0.0001519657318082888,
  "CHRW": 0.000320510915964433,
  "CDNS": 0.0013365630456981105,
  "CPT": 0.00015634450330789156,
  "CPB": 9.17035037030814e-05,
  "COF": 0.0018361194756640006,
  "CAH": 0.0006975881792955741,
  "CCL": 0.0005556107201633805,
  "CARR": 0.0007472668073635699,
  "CVNA": 0.001314533940867196,
  "CASY": 0.00042498588666637727,
  "CAT": 0.005573478288470568,
  "CBOE": 0.00045375338835707777,
  "CBRE": 0.0006542594691460518,
  "CDW": 0.000268551970345207,
  "COR": 0.0008809192623317328,
  "CNC": 0.0002802746088638042,
  "CNP": 0.0004073126361752542,
  "CF": 0.00027244373716131743,
  "CRL": 0.00013193696119624026,
  "SCHW": 0.002375644515040915,
  "CHTR": 0.00045228079542664366,
  "CVX": 0.005479035048838324,
  "CMG": 0.0006826305520920407,
  "CB": 0.001862624704811196,
  "CHD": 0.0003215375566039498,
  "CIEN": 0.0010075012020729264,
  "CI": 0.0010903900428085986,
  "CINF": 0.00037460404464732756,
  "CTAS": 0.0010292946992529748,
  "CSCO": 0.0051999389293540445,
  "C": 0.003357534497799382,
  "CFG": 0.00041037439278602763,
  "CLX": 0.000175630586514487,
  "CME": 0.0014888706101027418,
  "CMS": 0.0003433823918309766,
  "KO": 0.004742088000942763,
  "CTSH": 0.00042086732417817303,
  "COHR": 0.0009450301672783533,
  "COIN": 0.0008191926442558531,
  "CL": 0.0009663477574546604,
  "CMCSA": 0.0015697400340238784,
  "FIX": 0.0008769693304407212,
  "CAG": 0.00010274296574795288,
  "COP": 0.0021917107888967577,
  "ED": 0.0005888018652728939,
  "STZ": 0.00040071832870215484,
  "CEG": 0.001523154560880098,
  "COO": 0.00019231677508303749,
  "CPRT": 0.0004782061181755744,
  "GLW": 0.0020974443903402215,
  "CPAY": 0.0003312755750979082,
  "CTVA": 0.0007877145117297003,
  "CSGP": 0.0002409880706697825,
  "COST": 0.006561467002639973,
  "CTRA": 0.00036308122451427486,
  "CRH": 0.0011491986026852237,
  "CRWD": 0.001718819948046715,
  "CCI": 0.0005478366300852026,
  "CSX": 0.0011893931355929687,
  "CMI": 0.0013076473644189728,
  "CVS": 0.0014567023763311486,
  "DHR": 0.0019513053313763987,
  "DRI": 0.0003349867113866886,
  "DDOG": 0.0006834732539528112,
  "DVA": 0.00014793945449709288,
  "DECK": 0.00023110660940191456,
  "DE": 0.002330582040549148,
  "DELL": 0.002062286459688704,
  "DAL": 0.000664264884579486,
  "DVN": 0.00042509418678774184,
  "DXCM": 0.00035829722229118816,
  "FANG": 0.0007944069238947994,
  "DLR": 0.0010502088632065704,
  "DG": 0.00039613727266595174,
  "DLTR": 0.000297740732741254,
  "D": 0.0007862697682611889,
  "DPZ": 0.00018346249580491802,
  "DASH": 0.0011571246918784743,
  "DOV": 0.00043232882135997266,
  "DOW": 0.00040558669133635724,
  "DHI": 0.000686193478717371,
  "DTE": 0.0004410062745998908,
  "DUK": 0.0014429198400306854,
  "DD": 0.00027669679510710076,
  "ETN": 0.0023590416643330422,
  "EBAY": 0.0007034581000085552,
  "SATS": 0.0005255613311988893,
  "ECL": 0.0011182665722428635,
  "EIX": 0.0003951005869721346,
  "EW": 0.0006897897886069929,
  "EA": 0.0007476406999236375,
  "ELV": 0.0010721758932109103,
  "EME": 0.0005571606660269302,
  "EMR": 0.001185603563670609,
  "ETR": 0.0007465672625640866,
  "EOG": 0.0010392413481112503,
  "EPAM": 0.00010399439455245404,
  "EQT": 0.000538407512048488,
  "EFX": 0.00033535888967102246,
  "EQIX": 0.0015940702382399204,
  "EQR": 0.0003532804996184711,
  "ERIE": 0.00019131732225516015,
  "ESS": 0.0002563551992486281,
  "EL": 0.00040264848287847616,
  "EG": 0.0002051851212171254,
  "EVRG": 0.0002708433555011755,
  "ES": 0.00037255365056953013,
  "EXC": 0.0006983051074524993,
  "EXE": 0.0003367257388561864,
  "EXPE": 0.00047587792120384637,
  "EXPD": 0.00029250810155110403,
  "EXR": 0.0004647737452500201,
  "XOM": 0.00907227824954733,
  "FFIV": 0.00026272141782407996,
  "FDS": 0.00013173657138545105,
  "FICO": 0.00036556487922755624,
  "FAST": 0.0007572455763355964,
  "FRT": 0.00014147484551701894,
  "FDX": 0.001357169602420016,
  "FIS": 0.0003611078525444515,
  "FITB": 0.0006768092927498923,
  "FSLR": 0.0002986216298683763,
  "FE": 0.00041322445138117074,
  "FISV": 0.0004927124397358986,
  "F": 0.000748951669734879,
  "FTNT": 0.0009400384970913616,
  "FTV": 0.0002831137803042864,
  "FOXA": 0.0004078021070098023,
  "FOX": 0.0004003090077769198,
  "BEN": 0.00020979237258954305,
  "FCX": 0.001473157017375571,
  "GRMN": 0.0007523826272037115,
  "IT": 0.00016270120314176834,
  "GE": 0.004183682590282943,
  "GEHC": 0.00047782335348670843,
  "GEV": 0.004407930547886089,
  "GEN": 0.00018117559182586796,
  "GNRC": 0.00018543767227551395,
  "GD": 0.0012762088707597896,
  "GIS": 0.0002759458220356005,
  "GM": 0.0010494414691780403,
  "GPC": 0.00023133084869791397,
  "GILD": 0.002421295497384629,
  "GPN": 0.0002945490520748586,
  "GL": 0.0001729646471481675,
  "GDDY": 0.00017305389474887544,
  "GS": 0.004089022810557996,
  "HAL": 0.0004830609771289957,
  "HIG": 0.0005537811969801405,
  "HAS": 0.00018743763055671924,
  "HCA": 0.0015563418563879633,
  "DOC": 0.00016800371362433444,
  "HSIC": 0.00013254016069197695,
  "HSY": 0.000562817174448547,
  "HPE": 0.0005587730476172095,
  "HLT": 0.0011354744119097388,
  "HD": 0.004997661129556578,
  "HON": 0.002047338215889188,
  "HRL": 0.00017216484729326394,
  "HST": 0.0002157864579931804,
  "HWM": 0.0013950037280172432,
  "HPQ": 0.0002805325622492371,
  "HUBB": 0.0004306746655768094,
  "HUM": 0.00038123447221089033,
  "HBAN": 0.0005084094310559622,
  "HII": 0.00021620714727328235,
  "IBM": 0.003499720737670957,
  "IEX": 0.00022264584662976406,
  "IDXX": 0.0006774480860233671,
  "ITW": 0.0011369688994495462,
  "INCY": 0.00028373076919342645,