{
  "MMM": 0.0011177761823070616,
  "AOS": 0.00012956222610813938,
  "ABT": 0.0023972424374245713,
  "ABBV": 0.0051716292057130955,
  "ACN": 0.0016251241215116308,
  "ADBE": 0.001447709329473541,
  "AMD": 0.00764657296587765,
  "AES": 0.0001520128656056614,
  "AFL": 0.0008872630099552858,
  "A": 0.0004783007895792213,
  "APD": 0.000996128055748383,
  "ABNB": 0.0012262727770433295,
  "AKAM": 0.0002070373675385647,
  "ALB": 0.00032373738032804135,
  "ARE": 0.00010506345703710736,
  "ALGN": 0.0001863718915022666,
  "ALLE": 0.00017346891338582702,
  "LNT": 0.00027678034343564295,
  "ALL": 0.0008274456743630552,
  "GOOGL": 0.062343321703448216,
  "GOOG": 0.06192074946788066,
  "MO": 0.001670330111339761,
  "AMZN": 0.04105138829550169,
  "AMCR": 0.00026087287610199156,
  "AEE": 0.0004586197442123131,
  "AEP": 0.0010868274995925167,
  "AXP": 0.003192957058531134,
  "AIG": 0.0005840533586379187,
  "AMT": 0.00123359560611616,
  "AWK": 0.0003853927198460698,
  "AMP": 0.0006351192881464706,
  "AME": 0.0007750096617102875,
  "AMGN": 0.0027234447613530954,
  "APH": 0.0025965601070657954,
  "ADI": 0.002758001972912265,
  "AON": 0.0010283032402705952,
  "APA": 0.00020327740289746485,
  "APO": 0.0010495096187401163,
  "AAPL": 0.058365808241445785,
  "AMAT": 0.0044467534310343795,
  "APP": 0.0021964186411719947,
  "APTV": 0.00021866857140365187,
  "ACGL": 0.0005144483709782856,
  "ADM": 0.0005057068545792745,
  "ARES": 0.00036786720361604516,
  "ANET": 0.0030314259443108334,
  "AJG": 0.0008127807795746565,
  "AIZ": 0.00017339472567508003,
  "T": 0.002701425016622607,
  "ATO": 0.00045468871516279093,
  "ADSK": 0.0007318741135491248,
  "ADP": 0.0011866749620572797,
  "AZO": 0.0008676728712934791,
  "AVB": 0.00036980639590082165,
  "AVY": 0.0001911723534854383,
  "AXON": 0.0004790059723383965,
  "BKR": 0.0010061820659693066,
  "BALL": 0.0002403945804389173,
  "BAC": 0.005551304813428351,
  "BAX": 0.00013851869239128582,
  "BDX": 0.000624938159295793,
  "BBY": 0.00018206843140086606,
  "TECH": 0.00012299986252874734,
  "BIIB": 0.0003953751504590629,
  "BLK": 0.0024077969018714567,
  "BX": 0.0021664637511606484,
  "XYZ": 0.0006129864753748108,
  "BK": 0.0013520687217758022,
  "BA": 0.002645055984922792,
  "BKNG": 0.002021513175709482,
  "BSX": 0.0012924555116872322,
  "BMY": 0.001753987195156124,
  "AVGO": 0.02756371863424834,
  "BR": 0.0002737652559740387,
  "BRO": 0.00031679587699299475,
  "BLDR": 0.00013947586612488407,
  "BG": 0.0003557705212390653,
  "BXP": 0.00013502606582673065,
  "CHRW": 0.00032849474077391864,
  "CDNS": 0.0013012853116127895,
  "CPT": 0.00016151394295378142,
  "CPB": 9.058778538454294e-05,
  "COF": 0.0017971638699327953,
  "CAH": 0.0007095471855643827,
  "CCL": 0.000536120951595163,
  "CARR": 0.0007604833431131479,
  "CVNA": 0.0008409373148533086,
  "CASY": 0.0004285084584864194,
  "CAT": 0.005584376401380967,
  "CBOE": 0.00046843073352341333,
  "CBRE": 0.0006315991634343027,
  "CDW": 0.0002510983851545813,
  "COR": 0.0008930396712544502,
  "CNC": 0.0003477406400154456,
  "CNP": 0.0004168272936228734,
  "CF": 0.00027989595592371757,
  "CRL": 0.00012124879285087115,
  "SCHW": 0.0023417149937688007,
  "CHTR": 0.00036182237507470093,
  "CVX": 0.005557188452170202,
  "CMG": 0.0006354507734917063,
  "CB": 0.0019005332661983848,
  "CHD": 0.0003416576397034021,
  "CIEN": 0.0009735600968513418,
  "CI": 0.00111809060191595,
  "CINF": 0.0003810345348127425,
  "CTAS": 0.0010249022741980827,
  "CSCO": 0.005058634492935747,
  "C": 0.0033065815753735434,
  "CFG": 0.0004080602992252519,
  "CLX": 0.00017420185058017497,
  "CME": 0.0015193775827484623,
  "CMS": 0.00034221495961620326,
  "KO": 0.005070664691304519,
  "CTSH": 0.0003909131538882018,
  "COHR": 0.0008232797653026739,
  "COIN": 0.0007451785736661543,
  "CL": 0.0010169967979712286,
  "CMCSA": 0.00146967733426839,
  "FIX": 0.0008782971665625916,
  "CAG": 0.0001004085663880086,
  "COP": 0.0022274435468220273,
  "ED": 0.0005969704325701576,
  "STZ": 0.00039500558379756083,
  "CEG": 0.0016373577820515545,
  "COO": 0.00018209110531205555,
  "CPRT": 0.00047340229006648493,
  "GLW": 0.0019410248915877606,
  "CPAY": 0.00030614562130162936,
  "CTVA": 0.0007818217850547568,
  "CSGP": 0.00022525276465285935,
  "COST": 0.006515040594015473,
  "CTRA": 0.00038804225079269885,
  "CRH": 0.0011289530938584627,
  "CRWD": 0.0016827527613415675,
  "CCI": 0.0005485774315548878,
  "CSX": 0.0012415640386283378,
  "CMI": 0.0013047129315915409,
  "CVS": 0.0015299355447667546,
  "DHR": 0.0018565462403085107,
  "DRI": 0.00033416023357500364,
  "DDOG": 0.0006848463111386922,
  "DVA": 0.00014690068257085072,
  "DECK": 0.00022314314114069115,
  "DE": 0.0022504134249160842,
  "DELL": 0.0019506512935527145,
  "DAL": 0.0006520255834800877,
  "DVN": 0.00045420677394410376,
  "DXCM": 0.00034187494140279387,
  "FANG": 0.0008327069263033458,
  "DLR": 0.0009890264179155605,
  "DG": 0.0003776584738607652,
  "DLTR": 0.00028535807700808306,
  "D": 0.0008191318265229694,
  "DPZ": 0.00016829823648438388,
  "DASH": 0.0010942464515760813,
  "DOV": 0.0004459226554609764,
  "DOW": 0.00040523576910236783,
  "DHI": 0.0006594310879046223,
  "DTE": 0.0004546232261533447,
  "DUK": 0.0014691590906706175,
  "DD": 0.00027420206043069043,
  "ETN": 0.0023459497085011696,
  "EBAY": 0.0006656315583735732,
  "SATS": 0.0005191571875451535,
  "ECL": 0.0010900914573506078,
  "EIX": 0.00038930502482797404,
  "EW": 0.0006930091000757736,
  "EA": 0.0007459673966243184,
  "ELV": 0.0011641363706994656,
  "EME": 0.000563471477573393,
  "EMR": 0.0011467750292652212,
  "ETR": 0.0007656520903200218,
  "EOG": 0.0010728717072553873,
  "EPAM": 9.079710448022808e-05,
  "EQT": 0.0005520058354720578,
  "EFX": 0.00030609894681423393,
  "EQIX": 0.00155661827581809,
  "EQR": 0.0003534724359158733,
  "ERIE": 0.0001796250008796835,
  "ESS": 0.00025092689862547194,
  "EL": 0.0004082521229260332,
  "EG": 0.0002056134941582291,
  "EVRG": 0.0002777024057735229,
  "ES": 0.0003826308746452109,
  "EXC": 0.0007091187330670387,
  "EXE": 0.00034661381899287445,
  "EXPE": 0.0004319245002977547,
  "EXPD": 0.00028972174961034184,
  "EXR": 0.00043810479942816064,
  "XOM": 0.009300222797360227,
  "FFIV": 0.000243106163126541,
  "FDS": 0.00012364556396039715,
  "FICO": 0.00035586676475571,
  "FAST": 0.0007569485647828442,
  "FRT": 0.00014205203852640138,
  "FDX": 0.0013571428536458242,
  "FIS": 0.0003531439657184022,
  "FITB": 0.0006735290746103286,
  "FSLR": 0.00030941030269518384,
  "FE": 0.00042389745331303377,
  "FISV": 0.0004847534771586775,
  "F": 0.0007274768823522465,
  "FTNT": 0.0009322616179201699,
  "FTV": 0.0002791521491216784,
  "FOXA": 0.0003988183889032346,
  "FOX": 0.00035735832820336,
  "BEN": 0.0002188896571134882,
  "FCX": 0.0012306324394990614,
  "GRMN": 0.0007132632345782917,
  "IT": 0.00015128832559783775,
  "GE": 0.004370909198105543,
  "GEHC": 0.0004678196836774477,
  "GEV": 0.004212249228192567,
  "GEN": 0.00017218387248431056,
  "GNRC": 0.00018432811881727637,
  "GD": 0.0012300444856849723,
  "GIS": 0.00027366171579980373,
  "GM": 0.0010131136494682077,
  "GPC": 0.00021704898478191873,
  "GILD": 0.0023689984628607473,
  "GPN": 0.0002779835079996128,
  "GL": 0.00017766860717691022,
  "GDDY": 0.00016895116673279923,
  "GS": 0.004055227568968941,
  "HAL": 0.0005005717865729308,
  "HIG": 0.0005626599204010842,
  "HAS": 0.00020007162241549104,
  "HCA": 0.0014286139162569432,
  "DOC": 0.00016413181484888257,
  "HSIC": 0.00012891558244281312,
  "HSY": 0.0005624427091561253,
  "HPE": 0.0005346587255352622,
  "HLT": 0.001106730851804106,
  "HD": 0.004836820444005413,
  "HON": 0.001978005678920083,
  "HRL": 0.00017385828956814224,
  "HST": 0.0002102263084202734,
  "HWM": 0.0014079950091778687,
  "HPQ": 0.0002680011979925303,
  "HUBB": 0.00042348124231561394,
  "HUM": 0.000404790552383453,
  "HBAN": 0.0004957126950414773,
  "HII": 0.00020532753754423826,
  "IBM": 0.0032036967736566737,
  "IEX": 0.00022453089305080732,
  "IDXX": 0.0006650682684681981,
  "ITW": 0.0011384807195826496,