{
  "MMM": 0.0012129446002008678,
  "AOS": 0.00014129717446871286,
  "ABT": 0.0026887749764833878,
  "ABBV": 0.005706886076164402,
  "ACN": 0.0017012810454749214,
  "ADBE": 0.001407582193762196,
  "AMD": 0.006212384453789039,
  "AES": 0.00015749789332930364,
  "AFL": 0.0008913539984332591,
  "A": 0.0005004656188006587,
  "APD": 0.0010132630725570762,
  "ABNB": 0.0011714371788938318,
  "AKAM": 0.00021633966301846404,
  "ALB": 0.00031999056216020736,
  "ARE": 0.00011584814443246243,
  "ALGN": 0.0001927942723436512,
  "ALLE": 0.00019176387270281335,
  "LNT": 0.0002906543785549725,
  "ALL": 0.0008362150847216085,
  "GOOGL": 0.05920999709309726,
  "GOOG": 0.05882061793840128,
  "MO": 0.0017195307448396049,
  "AMZN": 0.0395693914060405,
  "AMCR": 0.00029426160131626233,
  "AEE": 0.00048341286495853157,
  "AEP": 0.0011419277159997296,
  "AXP": 0.003316710741715834,
  "AIG": 0.000632608341708515,
  "AMT": 0.0012897127244512736,
  "AWK": 0.0004165785409836034,
  "AMP": 0.0006318149611384367,
  "AME": 0.0008240963958476269,
  "AMGN": 0.0029183783215029047,
  "APH": 0.002662898100420395,
  "ADI": 0.0026295463576427136,
  "AON": 0.0010206098004932947,
  "APA": 0.00020897421024604812,
  "APO": 0.0009287559562411609,
  "AAPL": 0.05895727653303701,
  "AMAT": 0.0049303457416699495,
  "APP": 0.0020020233235859964,
  "APTV": 0.00023147028809677265,
  "ACGL": 0.0005274635993061526,
  "ADM": 0.0005192976558624033,
  "ARES": 0.000510622453378202,
  "ANET": 0.0028382547317188753,
  "AJG": 0.0008183771120150381,
  "AIZ": 0.00016804174970982608,
  "T": 0.0028338695100635115,
  "ATO": 0.0004843635781003133,
  "ADSK": 0.000704551642281583,
  "ADP": 0.001185177975371605,
  "AZO": 0.0008754389863566585,
  "AVB": 0.0003651139015841522,
  "AVY": 0.00020295258230644387,
  "AXON": 0.0004238417997841158,
  "BKR": 0.0009561669190517885,
  "BALL": 0.000256336650828619,
  "BAC": 0.005783926047994805,
  "BAX": 0.00013780446671571794,
  "BDX": 0.0008612838891443798,
  "BBY": 0.00020487408324675204,
  "TECH": 0.00013321294225484057,
  "BIIB": 0.0003904861645006698,
  "BLK": 0.002377612837135092,
  "BX": 0.0021455677609189703,
  "XYZ": 0.0005771960736404412,
  "BK": 0.0013686975679521602,
  "BA": 0.0026288650435692396,
  "BKNG": 0.0021093511338986827,
  "BSX": 0.001397077827480477,
  "BMY": 0.0018376514691193849,
  "AVGO": 0.027354089534468544,
  "BR": 0.00027119750014451357,
  "BRO": 0.0003378044892263299,
  "BLDR": 0.00014539097614614174,
  "BG": 0.00036715294678119287,
  "BXP": 0.00014348284784660486,
  "CHRW": 0.0003049281971930658,
  "CDNS": 0.0011515320344969552,
  "CPT": 0.0001635878598580137,
  "CPB": 9.53968014293415e-05,
  "COF": 0.0018371602600048566,
  "CAH": 0.0007756188151459034,
  "CCL": 0.0005918151324268972,
  "CARR": 0.0008157135079898627,
  "CVNA": 0.0011455079423500728,
  "CASY": 0.00041988111238647706,
  "CAT": 0.005716929745554197,
  "CBOE": 0.00047497548202006556,
  "CBRE": 0.0006408852529577256,
  "CDW": 0.000253367830403868,
  "COR": 0.0009524334409825594,
  "CNC": 0.0002791983573962062,
  "CNP": 0.0004398771342364824,
  "CF": 0.0002791140720899365,
  "CRL": 0.0001323146523761763,
  "SCHW": 0.0025420523709761235,
  "CHTR": 0.00042685883705446465,
  "CVX": 0.005719118087182009,
  "CMG": 0.0006922368213429558,
  "CB": 0.001968896341625034,
  "CHD": 0.0003482439385570747,
  "CIEN": 0.0010952038347095752,
  "CI": 0.0011286297862261846,
  "CINF": 0.0003897091073418616,
  "CTAS": 0.001067931055853584,
  "CSCO": 0.004995094435943366,
  "C": 0.0033529753344523155,
  "CFG": 0.0004212725576325517,
  "CLX": 0.0001995604361842255,
  "CME": 0.0016481199641680485,
  "CMS": 0.00037677396538379483,
  "KO": 0.005140275860297328,
  "CTSH": 0.0004278189047665512,
  "COHR": 0.0008768141081914631,
  "COIN": 0.0006910152023564414,
  "CL": 0.0010458990337505634,
  "CMCSA": 0.001574205548901764,
  "FIX": 0.0008704174655735159,
  "CAG": 0.00011229121818214862,
  "COP": 0.00228519043591195,
  "ED": 0.000647971748048888,
  "STZ": 0.0004476079332051813,
  "CEG": 0.001607581902361053,
  "COO": 0.00021399662567769308,
  "CPRT": 0.0004852606751143078,
  "GLW": 0.00228100486213289,
  "CPAY": 0.0003260106676277989,
  "CTVA": 0.0008636777174071412,
  "CSGP": 0.00023555357373040251,
  "COST": 0.006833136160156808,
  "CTRA": 0.0003853721339232714,
  "CRH": 0.0011974947425631142,
  "CRWD": 0.0014460077550214356,
  "CCI": 0.0005793259648994352,
  "CSX": 0.0012126496487156872,
  "CMI": 0.001313271801678613,
  "CVS": 0.0015487388927204594,
  "DHR": 0.0020743521077944433,
  "DRI": 0.000342410861713228,
  "DDOG": 0.000547742989297572,
  "DVA": 0.0001547415754672315,
  "DECK": 0.0002426501767800822,
  "DE": 0.0025590970258949665,
  "DELL": 0.0018289633962532206,
  "DAL": 0.0006887529031191063,
  "DVN": 0.0004521275090917681,
  "DXCM": 0.0003855251345127531,
  "FANG": 0.0008094264833568293,
  "DLR": 0.001010842310665719,
  "DG": 0.0003920722036437895,
  "DLTR": 0.0003045832709564582,
  "D": 0.0008734239868000657,
  "DPZ": 0.00019060472215558255,
  "DASH": 0.001012931581743591,
  "DOV": 0.0004510212840664631,
  "DOW": 0.0004252113653808534,
  "DHI": 0.0006303985912989997,
  "DTE": 0.0004794374550995742,
  "DUK": 0.001585985526991891,
  "DD": 0.000305266813803394,
  "ETN": 0.0024190886161372044,
  "EBAY": 0.0006611515214377778,
  "SATS": 0.0005416539174173642,
  "ECL": 0.0011816200995382316,
  "EIX": 0.00044778962532908786,
  "EW": 0.0006957624898302462,
  "EA": 0.0007771370179587256,
  "ELV": 0.0010744260156332582,
  "EME": 0.0005553974763185831,
  "EMR": 0.0012519598133010645,
  "ETR": 0.0008228146313688171,
  "EOG": 0.0011132558952331882,
  "EPAM": 0.00010292535490196255,
  "EQT": 0.0005594817821654173,
  "EFX": 0.00032707909767777855,
  "EQIX": 0.0015531990765029634,
  "EQR": 0.0003667361975349968,
  "ERIE": 0.0002056930162337032,
  "ESS": 0.0002669487045379574,
  "EL": 0.0003995886322748662,
  "EG": 0.00020370816790119678,
  "EVRG": 0.000298209355549587,
  "ES": 0.00040726352355996496,
  "EXC": 0.0007704246428974038,
  "EXE": 0.000361493180617389,
  "EXPE": 0.00042718279398582524,
  "EXPD": 0.00029855622803907683,
  "EXR": 0.0004737676751507796,
  "XOM": 0.009742623496234991,
  "FFIV": 0.0002502286657651608,
  "FDS": 0.00012059300693795838,
  "FICO": 0.00034869113724352464,
  "FAST": 0.0008691503293824981,
  "FRT": 0.00014440215411727942,
  "FDX": 0.001381727165957365,
  "FIS": 0.00035551940852486416,
  "FITB": 0.0006922068741615103,
  "FSLR": 0.0003330308017739132,
  "FE": 0.0004590130378772551,
  "FISV": 0.0004577980424287752,
  "F": 0.0007482207854995898,
  "FTNT": 0.0008905594877808621,
  "FTV": 0.0002853288970192751,
  "FOXA": 0.0004019471454651682,
  "FOX": 0.00039521524509267335,
  "BEN": 0.00020031275709672439,
  "FCX": 0.001496211536464973,
  "GRMN": 0.0007560125147399719,
  "IT": 0.0001571989237736565,
  "GE": 0.005013017541517945,
  "GEHC": 0.000510553863659692,
  "GEV": 0.004089753848128016,
  "GEN": 0.00017331805696907225,
  "GNRC": 0.0001890959366954162,
  "GD": 0.001397523456608151,
  "GIS": 0.00029374801029358877,
  "GM": 0.0010983499838848353,
  "GPC": 0.0002300247087685147,
  "GILD": 0.0026748905339864376,
  "GPN": 0.000282791799431443,
  "GL": 0.0001768577887029953,
  "GDDY": 0.00016439768940406418,
  "GS": 0.004113886881608553,
  "HAL": 0.00048289042162436154,
  "HIG": 0.0005903217914250865,
  "HAS": 0.00019717188163895135,
  "HCA": 0.0017141180272271389,
  "DOC": 0.0001798840392833591,
  "HSIC": 0.00013305520159785539,
  "HSY": 0.0006369853388758926,
  "HPE": 0.0005010431536478653,
  "HLT": 0.0011330279410458623,
  "HD": 0.0051665264169137035,
  "HON": 0.0022913697260306004,
  "HRL": 0.00017721103360111555,
  "HST": 0.00021519353980907377,
  "HWM": 0.0015580373356034237,
  "HPQ": 0.00026072844893525394,
  "HUBB": 0.0004423718851285388,
  "HUM": 0.0003645905479058921,
  "HBAN": 0.0005133760245124161,
  "HII": 0.00024080629052124585,
  "IBM": 0.003376935842032197,
  "IEX": 0.00022826411899391918,
  "IDXX": 0.0007012063474888273,
  "ITW": 0.0012058312342634607,