{
  "MMM": 0.0011879443371242272,
  "AOS": 0.00013132222266930795,
  "ABT": 0.0025147055303049956,
  "ABBV": 0.00547290516992833,
  "ACN": 0.001765367280437965,
  "ADBE": 0.001499142524202942,
  "AMD": 0.006666254076089003,
  "AES": 0.0001531785937354197,
  "AFL": 0.0008776459984942419,
  "A": 0.000499642540313059,
  "APD": 0.000981133135384842,
  "ABNB": 0.0012311835677173406,
  "AKAM": 0.0002110424768699009,
  "ALB": 0.00035302783974263747,
  "ARE": 0.0001233363720392833,
  "ALGN": 0.00019936494517381432,
  "ALLE": 0.00018326127669216963,
  "LNT": 0.00027765799943845837,
  "ALL": 0.0008216078343915515,
  "GOOGL": 0.06052598412069231,
  "GOOG": 0.060045993526662116,
  "MO": 0.001603561466549346,
  "AMZN": 0.03959823060109964,
  "AMCR": 0.0002768549655035425,
  "AEE": 0.0004583724091901442,
  "AEP": 0.0010809812517917521,
  "AXP": 0.0033293793637367585,
  "AIG": 0.0006131047982623953,
  "AMT": 0.001235329213286519,
  "AWK": 0.00037691825909142124,
  "AMP": 0.0006378548002309944,
  "AME": 0.0007864395437642043,
  "AMGN": 0.002783043101236318,
  "APH": 0.002697642047717176,
  "ADI": 0.002568806004110155,
  "AON": 0.001072497731647031,
  "APA": 0.00019647242515776332,
  "APO": 0.0010520257685626333,
  "AAPL": 0.05730605403656793,
  "AMAT": 0.0046186896229277125,
  "APP": 0.0023761901049132797,
  "APTV": 0.00021460562228822232,
  "ACGL": 0.0005142072962925956,
  "ADM": 0.0004824651316113322,
  "ARES": 0.0005818962547287869,
  "ANET": 0.0029660112713031247,
  "AJG": 0.0008593827819978568,
  "AIZ": 0.0001660703395241146,
  "T": 0.0027330070717671226,
  "ATO": 0.00045803372578564377,
  "ADSK": 0.0007627732191231251,
  "ADP": 0.001202520019356659,
  "AZO": 0.0008635614193724338,
  "AVB": 0.0003567121174353938,
  "AVY": 0.00019260576426034586,
  "AXON": 0.00048688627701673774,
  "BKR": 0.0008973514803727683,
  "BALL": 0.00024993474796688894,
  "BAC": 0.0057453634295280675,
  "BAX": 0.00013587124175587888,
  "BDX": 0.0008298709424931927,
  "BBY": 0.00020148442518873224,
  "TECH": 0.00013445741811003403,
  "BIIB": 0.0003856286739863714,
  "BLK": 0.002369283982637758,
  "BX": 0.00233752346550386,
  "XYZ": 0.0006204846146884961,
  "BK": 0.001375673188187795,
  "BA": 0.0025322856581663513,
  "BKNG": 0.0021940332167327387,
  "BSX": 0.0014236627517944266,
  "BMY": 0.0017683403168942216,
  "AVGO": 0.027987366821855597,
  "BR": 0.00028507750342382136,
  "BRO": 0.0003468428501581864,
  "BLDR": 0.00014019917922398367,
  "BG": 0.00034663312088604293,
  "BXP": 0.00014827018006023955,
  "CHRW": 0.0003178363270234828,
  "CDNS": 0.0012587572908310462,
  "CPT": 0.0001573533962691478,
  "CPB": 9.18271511131596e-05,
  "COF": 0.00186883347788012,
  "CAH": 0.0007447431974726497,
  "CCL": 0.0005661767551250454,
  "CARR": 0.0007524909760087802,
  "CVNA": 0.0011798973801313893,
  "CASY": 0.00040622447808199435,
  "CAT": 0.005316463628811998,
  "CBOE": 0.0004767775756684299,
  "CBRE": 0.0006515687998117172,
  "CDW": 0.00025488014046454107,
  "COR": 0.0009319145357213685,
  "CNC": 0.0002807449245808795,
  "CNP": 0.0004154480312048271,
  "CF": 0.0002807995862805994,
  "CRL": 0.0001331176281972452,
  "SCHW": 0.0024751170682000773,
  "CHTR": 0.0004296677428136932,
  "CVX": 0.00554229363243599,
  "CMG": 0.0006924772993555276,
  "CB": 0.0019010060882290551,
  "CHD": 0.000333749303478627,
  "CIEN": 0.001023643563605187,
  "CI": 0.0010810412700945626,
  "CINF": 0.0003750652092097705,
  "CTAS": 0.0010571712727950617,
  "CSCO": 0.0048917176303107214,
  "C": 0.003364994687240211,
  "CFG": 0.00040569651788987816,
  "CLX": 0.00018592423887406852,
  "CME": 0.0016005461859732615,
  "CMS": 0.0003541322130366439,
  "KO": 0.004821914761509417,
  "CTSH": 0.0004355196490786931,
  "COHR": 0.0008984531144947397,
  "COIN": 0.0007849236859600572,
  "CL": 0.0010003377140039085,
  "CMCSA": 0.001561736987877045,
  "FIX": 0.0008386800588871358,
  "CAG": 0.00010277910657242998,
  "COP": 0.002202524163077199,
  "ED": 0.0006010557283150111,
  "STZ": 0.0004215069275699355,
  "CEG": 0.0016305583809029785,
  "COO": 0.00020234770569079488,
  "CPRT": 0.0004812006993647496,
  "GLW": 0.0020759717367604797,
  "CPAY": 0.0003325636072104271,
  "CTVA": 0.0008072437988516878,
  "CSGP": 0.0002533536607599473,
  "COST": 0.0065220504251789985,
  "CTRA": 0.0003612799302856491,
  "CRH": 0.0011395789591143993,
  "CRWD": 0.0015752698368805221,
  "CCI": 0.0005613275075658203,
  "CSX": 0.0011762746120684404,
  "CMI": 0.001230502183456022,
  "CVS": 0.001442438984777715,
  "DHR": 0.0020467312578987457,
  "DRI": 0.00033642395279454175,
  "DDOG": 0.0006665237660652564,
  "DVA": 0.0001462046008639207,
  "DECK": 0.00023876970014092105,
  "DE": 0.0023281511144690394,
  "DELL": 0.0018737190651216757,
  "DAL": 0.0006861831689831058,
  "DVN": 0.0004225204516581157,
  "DXCM": 0.0003608019752007933,
  "FANG": 0.0007861547916135478,
  "DLR": 0.0010267678023577731,
  "DG": 0.00040582401113048314,
  "DLTR": 0.00030003627408296466,
  "D": 0.000810447838816226,
  "DPZ": 0.00018361096243767717,
  "DASH": 0.0011653389851180229,
  "DOV": 0.00043391957695209336,
  "DOW": 0.00042081811710887744,
  "DHI": 0.0006261912230946637,
  "DTE": 0.00045338352472762584,
  "DUK": 0.0014777527558753633,
  "DD": 0.00028226473896685494,
  "ETN": 0.002261352813037638,
  "EBAY": 0.0006815559769701814,
  "SATS": 0.0005619930654998262,
  "ECL": 0.0011387120416005792,
  "EIX": 0.00040761232524637433,
  "EW": 0.0006804010811697525,
  "EA": 0.0007568185634715695,
  "ELV": 0.0010279482028933721,
  "EME": 0.0005281860825033646,
  "EMR": 0.0011746519265549299,
  "ETR": 0.0007812940395317759,
  "EOG": 0.0010677941471695764,
  "EPAM": 0.00010286049041711314,
  "EQT": 0.0005385942666608281,
  "EFX": 0.00034225312393165144,
  "EQIX": 0.0015566704935402026,
  "EQR": 0.00035389697902933045,
  "ERIE": 0.00018967687412671955,
  "ESS": 0.0002573090860489199,
  "EL": 0.0004011818145418563,
  "EG": 0.00020744171348896604,
  "EVRG": 0.0002794946142878994,
  "ES": 0.00038377437625968246,
  "EXC": 0.0007239273769921298,
  "EXE": 0.0003491094541466265,
  "EXPE": 0.00046746524293641965,
  "EXPD": 0.0002898415018622694,
  "EXR": 0.0004645372506425159,
  "XOM": 0.009352666005426759,
  "FFIV": 0.00025699496388699954,
  "FDS": 0.00012745109539971127,
  "FICO": 0.0003777539500440428,
  "FAST": 0.000770155409498323,
  "FRT": 0.00014152251888694032,
  "FDX": 0.0013365656029512367,
  "FIS": 0.00037539911428083214,
  "FITB": 0.000666686655495602,
  "FSLR": 0.0003071725476799127,
  "FE": 0.0004333880558363317,
  "FISV": 0.0004958324737534083,
  "F": 0.0007462988037065485,
  "FTNT": 0.0008989146954178753,
  "FTV": 0.0002837672356985204,
  "FOXA": 0.00040522696293259625,
  "FOX": 0.00039976161471221895,
  "BEN": 0.00020521546663517431,
  "FCX": 0.0014630363410708244,
  "GRMN": 0.0007584768582215345,
  "IT": 0.00016784157946765456,
  "GE": 0.004783784512854932,
  "GEHC": 0.0004977865686479043,
  "GEV": 0.0039156240236358,
  "GEN": 0.0001808711360449528,
  "GNRC": 0.00017961804092707045,
  "GD": 0.0013477408161489787,
  "GIS": 0.000278101014862246,
  "GM": 0.0010755081425839425,
  "GPC": 0.0002300597417746434,
  "GILD": 0.0025575576245838345,
  "GPN": 0.00029110973851445614,
  "GL": 0.00017439947688942066,
  "GDDY": 0.0001701862042062238,
  "GS": 0.0039794815499704685,
  "HAL": 0.0004735374090682752,
  "HIG": 0.0005634479919438178,
  "HAS": 0.00019594279102718129,
  "HCA": 0.001624134109423651,
  "DOC": 0.0001792633333661655,
  "HSIC": 0.0001312799176789902,
  "HSY": 0.0005752665453468376,
  "HPE": 0.0005046439945316934,
  "HLT": 0.001125069138751786,
  "HD": 0.005006455581547229,
  "HON": 0.002173937920238393,
  "HRL": 0.0001702607857736868,
  "HST": 0.00021381631464872605,
  "HWM": 0.0014895885356269586,
  "HPQ": 0.0002681360896105288,
  "HUBB": 0.000413305450839081,
  "HUM": 0.00035508301008522347,
  "HBAN": 0.0005026923040215392,
  "HII": 0.0002324754632451423,
  "IBM": 0.0034647295236658535,
  "IEX": 0.0002231028991636077,
  "IDXX": 0.0006813380606171779,
  "ITW": 0.001139987156618098,