{
  "MMM": 0.001115789755481507,
  "AOS": 0.00013105956526574867,
  "ABT": 0.002332891976218467,
  "ABBV": 0.005152782648460062,
  "ACN": 0.0015839930259964618,
  "ADBE": 0.0014250338937365937,
  "AMD": 0.008350086688445559,
  "AES": 0.00015194479309527014,
  "AFL": 0.0008745497411020178,
  "A": 0.0004789628035102288,
  "APD": 0.000993374962364273,
  "ABNB": 0.0012399295469967926,
  "AKAM": 0.00020680623618699813,
  "ALB": 0.0003253024655476422,
  "ARE": 0.00011885469580553375,
  "ALGN": 0.0001977452527784678,
  "ALLE": 0.00018457521997971733,
  "LNT": 0.0002753449210975124,
  "ALL": 0.0008169947191535168,
  "GOOGL": 0.060358269107854814,
  "GOOG": 0.06011285978535336,
  "MO": 0.001638606614974256,
  "AMZN": 0.04136206457641998,
  "AMCR": 0.00026442576192403275,
  "AEE": 0.00045448306631286047,
  "AEP": 0.0010798228644901334,
  "AXP": 0.0031418333710301178,
  "AIG": 0.0005985202519094396,
  "AMT": 0.0012114392547588834,
  "AWK": 0.00038840987125004985,
  "AMP": 0.0006171573157244104,
  "AME": 0.000783491647083236,
  "AMGN": 0.0027352771163597395,
  "APH": 0.0027091037219283166,
  "ADI": 0.002882344188663647,
  "AON": 0.001019531617422802,
  "APA": 0.00019554697570795465,
  "APO": 0.001064016440674199,
  "AAPL": 0.05845950493986977,
  "AMAT": 0.004856249113452724,
  "APP": 0.0021522825725956212,
  "APTV": 0.00022412242498944258,
  "ACGL": 0.0005080556228519534,
  "ADM": 0.0004900097358825588,
  "ARES": 0.00038189214351689297,
  "ANET": 0.0033031096419507584,
  "AJG": 0.0008218186090119046,
  "AIZ": 0.00016918547407897833,
  "T": 0.002693828502240685,
  "ATO": 0.0004537715827513073,
  "ADSK": 0.0007219180917959625,
  "ADP": 0.0011573626504122615,
  "AZO": 0.0008689903424670244,
  "AVB": 0.0003541353429009421,
  "AVY": 0.00018815827371557493,
  "AXON": 0.0004594157018814857,
  "BKR": 0.0009793717543758464,
  "BALL": 0.0002404490940636555,
  "BAC": 0.005478092008461648,
  "BAX": 0.0001369852430565417,
  "BDX": 0.0006390873393408555,
  "BBY": 0.00018678832464222718,
  "TECH": 0.0001238755292031015,
  "BIIB": 0.0003964826746823158,
  "BLK": 0.002407288493278019,
  "BX": 0.0021880482298308416,
  "XYZ": 0.0006304037595454705,
  "BK": 0.001357834102749895,
  "BA": 0.002714953831686802,
  "BKNG": 0.002056953891227517,
  "BSX": 0.0013782579440873377,
  "BMY": 0.0017531582382086103,
  "AVGO": 0.028980684089116877,
  "BR": 0.0002650527056311157,
  "BRO": 0.0003319399881814178,
  "BLDR": 0.00014271612994333805,
  "BG": 0.0003542887369744913,
  "BXP": 0.00013439182947605878,
  "CHRW": 0.00031805946534504487,
  "CDNS": 0.001346782503825769,
  "CPT": 0.00015711009390440323,
  "CPB": 9.04416801600254e-05,
  "COF": 0.0017919828653062224,
  "CAH": 0.000693551418020466,
  "CCL": 0.0005440820650655998,
  "CARR": 0.0007505749347728067,
  "CVNA": 0.0008446412988267271,
  "CASY": 0.0004368124905349995,
  "CAT": 0.005706195950496747,
  "CBOE": 0.00046261418658918234,
  "CBRE": 0.0006411248461753034,
  "CDW": 0.00025590304268507036,
  "COR": 0.0008713548089950432,
  "CNC": 0.000292065356822942,
  "CNP": 0.0004125743904003015,
  "CF": 0.0002791197701121815,
  "CRL": 0.00012313632481854135,
  "SCHW": 0.002304613756179592,
  "CHTR": 0.00035054980535525766,
  "CVX": 0.005407226415238376,
  "CMG": 0.0006501150936906436,
  "CB": 0.001876956257491721,
  "CHD": 0.0003317492616935014,
  "CIEN": 0.0010845297593789801,
  "CI": 0.0010646696374984822,
  "CINF": 0.0003809045506229513,
  "CTAS": 0.0010366164957900986,
  "CSCO": 0.0051582678639748945,
  "C": 0.003289076748671553,
  "CFG": 0.00040219661144871806,
  "CLX": 0.00017557892100043536,
  "CME": 0.0015065506656331178,
  "CMS": 0.0003458279172870925,
  "KO": 0.00485561133130276,
  "CTSH": 0.0003835141164940052,
  "COHR": 0.0009341773743971862,
  "COIN": 0.0007721219398605586,
  "CL": 0.0009998029417690197,
  "CMCSA": 0.0015561317247270686,
  "FIX": 0.0009173497284075939,
  "CAG": 0.00010011906990061563,
  "COP": 0.002181739533511355,
  "ED": 0.0005934317234040455,
  "STZ": 0.00039952090096930545,
  "CEG": 0.0016451300328899252,
  "COO": 0.00018341309804860897,
  "CPRT": 0.0004661156358821832,
  "GLW": 0.0022344642227493114,
  "CPAY": 0.0003052883775646653,
  "CTVA": 0.0007798250018566603,
  "CSGP": 0.0002254796238390125,
  "COST": 0.006593168835255885,
  "CTRA": 0.0003730091062657154,
  "CRH": 0.0011543908698014884,
  "CRWD": 0.00164528731073884,
  "CCI": 0.0005452304583023925,
  "CSX": 0.0012585716687517744,
  "CMI": 0.001336304499384324,
  "CVS": 0.0014674730211078105,
  "DHR": 0.001841933033593836,
  "DRI": 0.00033858142469734475,
  "DDOG": 0.0006576139714655853,
  "DVA": 0.00014631455319333636,
  "DECK": 0.00022657895806837668,
  "DE": 0.002276897930899088,
  "DELL": 0.0020779419337304773,
  "DAL": 0.0006608136002311416,
  "DVN": 0.0004369525473024481,
  "DXCM": 0.00034438089484214795,
  "FANG": 0.0008007669809773771,
  "DLR": 0.0010633147117112387,
  "DG": 0.00038823552285359783,
  "DLTR": 0.0002930562313565337,
  "D": 0.0008106158740231631,
  "DPZ": 0.00018272684397353944,
  "DASH": 0.0011277278186061395,
  "DOV": 0.00045176469451799764,
  "DOW": 0.00041353518825489895,
  "DHI": 0.0006783592328480155,
  "DTE": 0.00045128879655517305,
  "DUK": 0.001461375794851643,
  "DD": 0.000278766617514982,
  "ETN": 0.002422665112620158,
  "EBAY": 0.0006713295392226695,
  "SATS": 0.0005086628165075646,
  "ECL": 0.001116313372699793,
  "EIX": 0.0003930849131595413,
  "EW": 0.0007044697040971581,
  "EA": 0.0007449353316604954,
  "ELV": 0.0011006162967298115,
  "EME": 0.0005696672933300244,
  "EMR": 0.0011720925759958459,
  "ETR": 0.000767444730262491,
  "EOG": 0.0010476972380828596,
  "EPAM": 9.186463222973887e-05,
  "EQT": 0.0005373492845616164,
  "EFX": 0.0003046521007539906,
  "EQIX": 0.001626490440104949,
  "EQR": 0.00034256602768854323,
  "ERIE": 0.00018806802862519935,
  "ESS": 0.0002418299869536343,
  "EL": 0.00041285820706984965,
  "EG": 0.00020482335811534803,
  "EVRG": 0.00027664755139785607,
  "ES": 0.0003796879053027953,
  "EXC": 0.000703705654087633,
  "EXE": 0.0003375670668708446,
  "EXPE": 0.0004530173776607323,
  "EXPD": 0.0002888328815540997,
  "EXR": 0.00044397534647385047,
  "XOM": 0.009045810672341482,
  "FFIV": 0.0002475316100446525,
  "FDS": 0.0001194992068221193,
  "FICO": 0.00034333775492844217,
  "FAST": 0.0007621553894959442,
  "FRT": 0.00014158748675801707,
  "FDX": 0.0013586910623003372,
  "FIS": 0.00034569297867322654,
  "FITB": 0.000665473167252742,
  "FSLR": 0.0003023884919583348,
  "FE": 0.0004219937198265784,
  "FISV": 0.0004765271946474118,
  "F": 0.0007293999291301527,
  "FTNT": 0.0009010759268492108,
  "FTV": 0.00027568353211718016,
  "FOXA": 0.0003964137000360938,
  "FOX": 0.0003545147787221276,
  "BEN": 0.00020807714898852256,
  "FCX": 0.001299670201165779,
  "GRMN": 0.0007374844441020871,
  "IT": 0.0001467122487800974,
  "GE": 0.00427611254664913,
  "GEHC": 0.0004622631715737732,
  "GEV": 0.0045549789380521875,
  "GEN": 0.00016672005949823916,
  "GNRC": 0.00018863513509554452,
  "GD": 0.0012416467176305413,
  "GIS": 0.00027525664800160537,
  "GM": 0.001033610995579252,
  "GPC": 0.00022282187205731774,
  "GILD": 0.0023876343018122566,
  "GPN": 0.00027204837858853026,
  "GL": 0.000177018958671079,
  "GDDY": 0.00016269216294908902,
  "GS": 0.004021973219688625,
  "HAL": 0.00048704039392143383,
  "HIG": 0.0005565690953221451,
  "HAS": 0.000199681450278766,
  "HCA": 0.0014371943857945687,
  "DOC": 0.0001676190631750231,
  "HSIC": 0.0001297450427850219,
  "HSY": 0.0005745408593849492,
  "HPE": 0.0005509335265191282,
  "HLT": 0.001136404473840795,
  "HD": 0.004960042859565022,
  "HON": 0.0019741888919925536,
  "HRL": 0.00017695773652219536,
  "HST": 0.0002121881553198184,
  "HWM": 0.0014220871619715894,
  "HPQ": 0.0002672665780166629,
  "HUBB": 0.00043297050338804096,
  "HUM": 0.0003739759555842546,
  "HBAN": 0.0004903588842772496,
  "HII": 0.00020901449365699738,
  "IBM": 0.0031300584866844126,
  "IEX": 0.00022508337337796892,
  "IDXX": 0.0006524357849521384,
  "ITW": 0.0011496726547611884,