{
  "MMM": 0.0012322861984645785,
  "AOS": 0.00014690326391917163,
  "ABT": 0.0028741275348713696,
  "ABBV": 0.006197274595897195,
  "ACN": 0.001965961608776471,
  "ADBE": 0.001596300691950925,
  "AMD": 0.00534323185133934,
  "AES": 0.00016185871387278082,
  "AFL": 0.0009263260033837191,
  "A": 0.0005193509186442959,
  "APD": 0.0010419755354854406,
  "ABNB": 0.0012196236140781618,
  "AKAM": 0.000268074621266482,
  "ALB": 0.0003409529749723802,
  "ARE": 0.000129597482827194,
  "ALGN": 0.0001981530019323789,
  "ALLE": 0.00020163234554627365,
  "LNT": 0.00029726614163362846,
  "ALL": 0.0008669067182633238,
  "GOOGL": 0.0560399992690056,
  "GOOG": 0.05590358030862143,
  "MO": 0.0017845791176272624,
  "AMZN": 0.036017827770527436,
  "AMCR": 0.00029587891763152503,
  "AEE": 0.0004894915868081255,
  "AEP": 0.0011478328088853525,
  "AXP": 0.003345810089992691,
  "AIG": 0.0006541105286987909,
  "AMT": 0.0013015604290014292,
  "AWK": 0.0004281304982190579,
  "AMP": 0.0006651328986999968,
  "AME": 0.0007910341501288737,
  "AMGN": 0.003055573768511471,
  "APH": 0.0025020445353639417,
  "ADI": 0.002502140611002388,
  "AON": 0.0011176510693778566,
  "APA": 0.00024151901126417513,
  "APO": 0.0010418361070348653,
  "AAPL": 0.06009280754708147,
  "AMAT": 0.004369767880024565,
  "APP": 0.0021668753006288425,
  "APTV": 0.00023843464344206036,
  "ACGL": 0.0005509353558745102,
  "ADM": 0.0005643118099687115,
  "ARES": 0.0005816194139243651,
  "ANET": 0.0024908274406312413,
  "AJG": 0.0008970412117837813,
  "AIZ": 0.00017572912278188696,
  "T": 0.0032694447382951098,
  "ATO": 0.000492315623302918,
  "ADSK": 0.0008176208395444418,
  "ADP": 0.001323842718659341,
  "AZO": 0.0009015477926926741,
  "AVB": 0.00037261372502942397,
  "AVY": 0.00021397177991869132,
  "AXON": 0.0005500567190862304,
  "BKR": 0.0009719378467502196,
  "BALL": 0.0002534453731800848,
  "BAC": 0.0056362504071745855,
  "BAX": 0.00013972154395927404,
  "BDX": 0.0009176769523990024,
  "BBY": 0.00021671239359349323,
  "TECH": 0.00013171828161093578,
  "BIIB": 0.0004334398649915092,
  "BLK": 0.0024098082272383573,
  "BX": 0.0022642079726691135,
  "XYZ": 0.0005891262469822203,
  "BK": 0.0013327133506838267,
  "BA": 0.0025196889319422816,
  "BKNG": 0.0021863453982817293,
  "BSX": 0.0015023657718164865,
  "BMY": 0.001994905054718659,
  "AVGO": 0.023640772791140297,
  "BR": 0.0003055933788211584,
  "BRO": 0.0003576195577812691,
  "BLDR": 0.00014669831135528765,
  "BG": 0.0003965339855480222,
  "BXP": 0.00014803771199271785,
  "CHRW": 0.00031735409934186855,
  "CDNS": 0.0012359119980396903,
  "CPT": 0.00016476513390782083,
  "CPB": 0.00010696504662672593,
  "COF": 0.0018278089318232386,
  "CAH": 0.0008010570959405797,
  "CCL": 0.0005774970035972277,
  "CARR": 0.0007582329637673847,
  "CVNA": 0.0011164734829467319,
  "CAT": 0.005341142998035311,
  "CBOE": 0.0004739353836736597,
  "CBRE": 0.0006494201107509474,
  "CDW": 0.0002538276631604009,
  "COR": 0.00098447195636462,
  "CNC": 0.0002593790336443927,
  "CNP": 0.0004548409444065398,
  "CF": 0.0003214298575561063,
  "CRL": 0.00013680169577009674,
  "SCHW": 0.002690291815641002,
  "CHTR": 0.00044039898112839884,
  "CVX": 0.006664108234661642,
  "CMG": 0.0006818681399579267,
  "CB": 0.0020535507857803253,
  "CHD": 0.0003561115463779456,
  "CIEN": 0.0008847596966363955,
  "CI": 0.001147921626062103,
  "CINF": 0.00039464704945116883,
  "CTAS": 0.0010900161921073956,
  "CSCO": 0.004938728074849299,
  "C": 0.0031960411029134874,
  "CFG": 0.0004149303917510575,
  "CLX": 0.0002036420321283058,
  "CME": 0.0017262588295936306,
  "CMS": 0.0003849352936881676,
  "KO": 0.005273256585374702,
  "CTSH": 0.0004770189761600933,
  "COHR": 0.00071946756541645,
  "COIN": 0.0007585316824591757,
  "CL": 0.001101595814008795,
  "CMCSA": 0.0016853531748326582,
  "FIX": 0.0007835785882049971,
  "CAG": 0.00012114568878731327,
  "COP": 0.0025993073941999014,
  "ED": 0.0006587685475130648,
  "STZ": 0.0004206943691767215,
  "CEG": 0.001629847850216699,
  "COO": 0.00022474360101936043,
  "CPRT": 0.0005177419156443772,
  "GLW": 0.001881636496011215,
  "CPAY": 0.0003279500677114524,
  "CTVA": 0.0009069369365577641,
  "CSGP": 0.00027543057730008714,
  "COST": 0.007125149357048758,
  "CTRA": 0.0004298248211369102,
  "CRH": 0.0011322397855542841,
  "CRWD": 0.0015950939397009862,
  "CCI": 0.0005712056989293618,
  "CSX": 0.0012297434933465148,
  "CMI": 0.0011975395464105616,
  "CVS": 0.0014719617914090675,
  "DHR": 0.0021616188546407554,
  "DRI": 0.0003636302569185758,
  "DDOG": 0.0006729437953168918,
  "DVA": 0.00016551315137858352,
  "DECK": 0.00023500429444461247,
  "DE": 0.002451139491798767,
  "DELL": 0.0017522259103244368,
  "DAL": 0.0006994925427735954,
  "DVN": 0.000502816340859248,
  "DXCM": 0.0003945793148063437,
  "FANG": 0.0008988081193185919,
  "DLR": 0.0010155380404507294,
  "DG": 0.00042123228717439777,
  "DLTR": 0.00035081511286451595,
  "D": 0.0008753715362929973,
  "DPZ": 0.00019437701818617883,
  "DASH": 0.0010508323764327043,
  "DOV": 0.0004528958416370967,
  "DOW": 0.0004828473229437963,
  "DHI": 0.0006435034746786171,
  "DTE": 0.0004900278551554164,
  "DUK": 0.001641590589548208,
  "DD": 0.000309133363583221,
  "ETN": 0.0022379671819463594,
  "EBAY": 0.0006627766700615005,
  "SATS": 0.0005448147240355195,
  "ECL": 0.0012103403055132606,
  "EIX": 0.0004537733566631145,
  "EW": 0.0007492774077410577,
  "EA": 0.0008219128999172151,
  "ELV": 0.0010408793098113244,
  "EME": 0.0005324485818233619,
  "EMR": 0.0011868593138992906,
  "ETR": 0.0008286634012663652,
  "EOG": 0.0012494906002921205,
  "EPAM": 0.00012049939700756721,
  "EQT": 0.0006400256157500692,
  "EFX": 0.00034994937634225,
  "EQIX": 0.0015515962222824185,
  "EQR": 0.00037366831352781223,
  "ERIE": 0.00021169922154774327,
  "ESS": 0.00026955450613073414,
  "EL": 0.00041823064931911157,
  "EG": 0.00021267475879966242,
  "EVRG": 0.0003039106694420194,
  "ES": 0.0004194778180034932,
  "EXC": 0.000808007204986365,
  "EXE": 0.0004251542319866994,
  "EXPE": 0.00045578157505630357,
  "EXPD": 0.0003080485534897719,
  "EXR": 0.0004681174296873849,
  "XOM": 0.011388598193537524,
  "FFIV": 0.00026480034569199823,
  "FDS": 0.00013080812825204256,
  "FICO": 0.0004079715395582295,
  "FAST": 0.000858373142805586,
  "FRT": 0.00014871822576970935,
  "FDX": 0.001369128525123668,
  "FIS": 0.000391346989841161,
  "FITB": 0.000677782087925284,
  "FSLR": 0.0003410163215471802,
  "FE": 0.0004716659596384439,
  "FISV": 0.0004834915114193009,
  "F": 0.0007456917276633192,
  "FTNT": 0.0009790115476028803,
  "FTV": 0.0002828501438525539,
  "FOXA": 0.00040021953546009385,
  "FOX": 0.00039936267405690144,
  "BEN": 0.00019839701821738954,
  "FCX": 0.001360940848358744,
  "GRMN": 0.0007194259942267375,
  "IT": 0.00018385699972033948,
  "GE": 0.004822078524683939,
  "GEHC": 0.0005232280589521296,
  "GEV": 0.003815390330662839,
  "GEN": 0.00018708008664336382,
  "GNRC": 0.00018466353029027285,
  "GD": 0.001497568588495699,
  "GIS": 0.00032000020454609005,
  "GM": 0.0011196062350146507,
  "GPC": 0.00023701099515944702,
  "GILD": 0.0027867902924743762,
  "GPN": 0.00030346734239744295,
  "GL": 0.00017630524668248938,
  "GDDY": 0.00017998193797199135,
  "GS": 0.004044382127851224,
  "HAL": 0.0005286456757828718,
  "HIG": 0.0006075946769210828,
  "HAS": 0.0002121377481096982,
  "HCA": 0.0017048583770457465,
  "DOC": 0.0001840240928078782,
  "HSIC": 0.00013977433277160734,
  "HSY": 0.0006788282961997143,
  "HPE": 0.0005096989462112621,
  "HLT": 0.0011386273638186429,
  "HOLX": 0.00027185532301278437,
  "HD": 0.005277241612817743,
  "HON": 0.002314694400952485,
  "HRL": 0.0002007923765630279,
  "HST": 0.0002150435907671033,
  "HWM": 0.0014943537498246016,
  "HPQ": 0.0002840891632640316,
  "HUBB": 0.0004202826494335296,
  "HUM": 0.00033685949951300307,
  "HBAN": 0.0005135974000020754,
  "HII": 0.00024099374608495505,
  "IBM": 0.00366436602562635,
  "IEX": 0.00022703039587313462,
  "IDXX": 0.000720754622647151,
  "ITW": 0.0012084909814451946,