{
  "MMM": 0.0012151797300183438,
  "AOS": 0.00014286499074071455,
  "ABT": 0.0027510641182515623,
  "ABBV": 0.00578022848666096,
  "ACN": 0.0017427521516357831,
  "ADBE": 0.0014444998875139412,
  "AMD": 0.005909469314579551,
  "AES": 0.00015899821148454243,
  "AFL": 0.0009159563913332246,
  "A": 0.0005024553044247798,
  "APD": 0.0010294705868956065,
  "ABNB": 0.0011779752616375295,
  "AKAM": 0.0002492095785076509,
  "ALB": 0.000315486747516921,
  "ARE": 0.00011823029942622887,
  "ALGN": 0.00018950136600105047,
  "ALLE": 0.00019313653029938153,
  "LNT": 0.0002960352347706188,
  "ALL": 0.0008556149250924548,
  "GOOGL": 0.05896564587409042,
  "GOOG": 0.05858218162703164,
  "MO": 0.0017279852566169942,
  "AMZN": 0.03807572975430789,
  "AMCR": 0.00029671578500427477,
  "AEE": 0.000492705923553057,
  "AEP": 0.0011539393294391581,
  "AXP": 0.003332553852582597,
  "AIG": 0.0006441653390325699,
  "AMT": 0.0013045316371500465,
  "AWK": 0.000418639668693634,
  "AMP": 0.0006463268856472009,
  "AME": 0.0008207967210767613,
  "AMGN": 0.002958305820098008,
  "APH": 0.002569413891994701,
  "ADI": 0.0026378073853880924,
  "AON": 0.0010770278425768119,
  "APA": 0.0002145875750025491,
  "APO": 0.0009535120603697504,
  "AAPL": 0.058536705037309095,
  "AMAT": 0.004824576097389773,
  "APP": 0.001969708212526314,
  "APTV": 0.00023180446669661384,
  "ACGL": 0.0005444040851441096,
  "ADM": 0.0005291342353179254,
  "ARES": 0.000530889510227225,
  "ANET": 0.002784056332203384,
  "AJG": 0.000871795679847484,
  "AIZ": 0.00017217331882442955,
  "T": 0.00292383077300795,
  "ATO": 0.0004899175676887865,
  "ADSK": 0.0007322745848721061,
  "ADP": 0.0012242188558579383,
  "AZO": 0.0008991939545543799,
  "AVB": 0.00036399329002009324,
  "AVY": 0.00020572503120589843,
  "AXON": 0.0004498480746621438,
  "BKR": 0.000979481337927112,
  "BALL": 0.00025573874388102377,
  "BAC": 0.005789463955518175,
  "BAX": 0.0001370649071614014,
  "BDX": 0.0008758152647733791,
  "BBY": 0.00020718447735727823,
  "TECH": 0.00013175168301227287,
  "BIIB": 0.00039996896779288885,
  "BLK": 0.0023772156121396027,
  "BX": 0.002176883664438427,
  "XYZ": 0.0005650011010570849,
  "BK": 0.0013757092745332981,
  "BA": 0.002646052018707354,
  "BKNG": 0.0021301155176786848,
  "BSX": 0.001397458127258676,
  "BMY": 0.0018647623629164383,
  "AVGO": 0.026028051256274942,
  "BR": 0.00028243692905718763,
  "BRO": 0.00035249810303943666,
  "BLDR": 0.00014159461974848052,
  "BG": 0.00037711093535909774,
  "BXP": 0.00014269581906327432,
  "CHRW": 0.00031242512650764265,
  "CDNS": 0.0011938851263646997,
  "CPT": 0.00016345274369681005,
  "CPB": 9.487874140012255e-05,
  "COF": 0.0018598660747486384,
  "CAH": 0.0007875220898618524,
  "CCL": 0.0005837589529230706,
  "CARR": 0.0007794860234964699,
  "CVNA": 0.0010983168726222136,
  "CASY": 0.00044211162140800467,
  "CAT": 0.0056508087965869615,
  "CBOE": 0.0004826254196825856,
  "CBRE": 0.0006447615884415635,
  "CDW": 0.0002536512375849729,
  "COR": 0.0009683595193622212,
  "CNC": 0.00028268907149368687,
  "CNP": 0.00044891826380079563,
  "CF": 0.00029526427174417143,
  "CRL": 0.00013071285427380228,
  "SCHW": 0.0026216576021606815,
  "CHTR": 0.00043585435944580765,
  "CVX": 0.005979654723022788,
  "CMG": 0.000688634372392432,
  "CB": 0.002014727259681343,
  "CHD": 0.00034889999056862437,
  "CIEN": 0.0010701004808964128,
  "CI": 0.0011445285452681448,
  "CINF": 0.0003939189743871962,
  "CTAS": 0.0010676126248537878,
  "CSCO": 0.005058425444946677,
  "C": 0.0033433458782143426,
  "CFG": 0.0004228876765527705,
  "CLX": 0.00020018057356823585,
  "CME": 0.0016968595680617142,
  "CMS": 0.00038190911535454443,
  "KO": 0.005171333067257525,
  "CTSH": 0.00043547557576294313,
  "COHR": 0.0008209769766342285,
  "COIN": 0.0007110200098594737,
  "CL": 0.0010586036471678664,
  "CMCSA": 0.001568941838736056,
  "FIX": 0.0008512954420412586,
  "CAG": 0.00011396733624611308,
  "COP": 0.002393059860297013,
  "ED": 0.0006446636702785824,
  "STZ": 0.0004302107327501323,
  "CEG": 0.0016343191233600509,
  "COO": 0.0002134113378199727,
  "CPRT": 0.0004893189114944155,
  "GLW": 0.0022412317316313464,
  "CPAY": 0.0003262700960540169,
  "CTVA": 0.0008718723169608134,
  "CSGP": 0.0002445793351287271,
  "COST": 0.007064792672283563,
  "CTRA": 0.0004001042861339039,
  "CRH": 0.0011757356845075086,
  "CRWD": 0.0015795268808253553,
  "CCI": 0.0005869018979435182,
  "CSX": 0.0012191819607549393,
  "CMI": 0.0012912764566940218,
  "CVS": 0.0015581470263001894,
  "DHR": 0.0021025089293637395,
  "DRI": 0.00034796109092565403,
  "DDOG": 0.0006087706465825593,
  "DVA": 0.00015454127248689748,
  "DECK": 0.00024096054330460733,
  "DE": 0.0025518197841950903,
  "DELL": 0.001849614309097636,
  "DAL": 0.0006771621765457742,
  "DVN": 0.00046875445052049097,
  "DXCM": 0.0003921994529080407,
  "FANG": 0.0008281290560651171,
  "DLR": 0.0010189525547781276,
  "DG": 0.0004036543579018564,
  "DLTR": 0.0003110843253748944,
  "D": 0.0008754242888224849,
  "DPZ": 0.00019475178413571188,
  "DASH": 0.0010420241260776955,
  "DOV": 0.00045045566129699367,
  "DOW": 0.00044253974419110353,
  "DHI": 0.000642286653036227,
  "DTE": 0.00048606534935129875,
  "DUK": 0.0016100912816960694,
  "DD": 0.0003075399222198699,
  "ETN": 0.002347919207143974,
  "EBAY": 0.0006617796511620588,
  "SATS": 0.000531559704950113,
  "ECL": 0.001176436565743957,
  "EIX": 0.0004524857214262762,
  "EW": 0.0007152398013268845,
  "EA": 0.000786472478091527,
  "ELV": 0.00107907956377449,
  "EME": 0.0005494903826838003,
  "EMR": 0.0012453674056410555,
  "ETR": 0.0008293688038802481,
  "EOG": 0.001157425748067527,
  "EPAM": 0.00010368097305531217,
  "EQT": 0.0005821814951176322,
  "EFX": 0.0003355246608531072,
  "EQIX": 0.0015758591932562023,
  "EQR": 0.00036672891828366404,
  "ERIE": 0.0002040316043471493,
  "ESS": 0.00026748721335441097,
  "EL": 0.0003988084538858365,
  "EG": 0.00020883179527511516,
  "EVRG": 0.00030313807010595907,
  "ES": 0.0004124852018016299,
  "EXC": 0.0007893275589135599,
  "EXE": 0.0003717650533491755,
  "EXPE": 0.00042855613113970627,
  "EXPD": 0.0002985901324532927,
  "EXR": 0.00047138171010562664,
  "XOM": 0.010171669860413029,
  "FFIV": 0.0002581867296237804,
  "FDS": 0.00012303413220048933,
  "FICO": 0.00038409241804225695,
  "FAST": 0.0008675878589705024,
  "FRT": 0.00014501806610418212,
  "FDX": 0.0013819309414064942,
  "FIS": 0.000359337775394708,
  "FITB": 0.0006944276314684714,
  "FSLR": 0.00033408024127622106,
  "FE": 0.0004665522735685039,
  "FISV": 0.00045944041278799886,
  "F": 0.0007517295177871023,
  "FTNT": 0.000923947235468097,
  "FTV": 0.0002919726127219905,
  "FOXA": 0.0004100991907823384,
  "FOX": 0.00040368441105084383,
  "BEN": 0.00019978294728932548,
  "FCX": 0.001447413364549602,
  "GRMN": 0.0007592026497200292,
  "IT": 0.00016178504727383782,
  "GE": 0.005049758484130159,
  "GEHC": 0.0005066637269981058,
  "GEV": 0.004023614391308247,
  "GEN": 0.00017375106164392576,
  "GNRC": 0.00018655891253617642,
  "GD": 0.0014468176218322666,
  "GIS": 0.00030166334403425635,
  "GM": 0.0011029229531426786,
  "GPC": 0.00023121588099895307,
  "GILD": 0.002715868048931635,
  "GPN": 0.00027660981664472296,
  "GL": 0.0001790631536538801,
  "GDDY": 0.00016506498905141879,
  "GS": 0.004126197157696372,
  "HAL": 0.0004913613855693283,
  "HIG": 0.0006034239728669209,
  "HAS": 0.00020221655565627567,
  "HCA": 0.0017557338452691997,
  "DOC": 0.0001781937657727932,
  "HSIC": 0.00013281004313076244,
  "HSY": 0.0006568991971085833,
  "HPE": 0.0005051570160154681,
  "HLT": 0.0011215242372862263,
  "HD": 0.005133601259533257,
  "HON": 0.0022921798312268596,
  "HRL": 0.00017881759820893972,
  "HST": 0.00021421924183513856,
  "HWM": 0.0015623957625285848,
  "HPQ": 0.0002584162767791389,
  "HUBB": 0.00043557324058009504,
  "HUM": 0.00036585034661626914,
  "HBAN": 0.0005175447720205823,
  "HII": 0.0002494010604521739,
  "IBM": 0.0034044095700776697,
  "IEX": 0.000227559863172057,
  "IDXX": 0.0007145916160229073,
  "ITW": 0.001206669463597179,