{
  "MMM": 0.001186307809534839,
  "AOS": 0.0001319097301387543,
  "ABT": 0.0026294265217064916,
  "ABBV": 0.005460894215038739,
  "ACN": 0.0017829219950895275,
  "ADBE": 0.0014879411842202736,
  "AMD": 0.006243906534493817,
  "AES": 0.00015383153969492734,
  "AFL": 0.0008800625839775727,
  "A": 0.0005131619301800542,
  "APD": 0.0009808737544566592,
  "ABNB": 0.0012257802431903787,
  "AKAM": 0.0002012674949084336,
  "ALB": 0.0003317502808383739,
  "ARE": 0.00012352609240545506,
  "ALGN": 0.0001997857482799829,
  "ALLE": 0.00018447126491015332,
  "LNT": 0.0002775295534581591,
  "ALL": 0.0008373852570742496,
  "GOOGL": 0.06015769996307107,
  "GOOG": 0.059689455846764355,
  "MO": 0.0016135026026804617,
  "AMZN": 0.03980926313053127,
  "AMCR": 0.00028104431528812735,
  "AEE": 0.00045902081245830076,
  "AEP": 0.0010927796526008784,
  "AXP": 0.0033904294793454847,
  "AIG": 0.000619418052374363,
  "AMT": 0.001239700088385422,
  "AWK": 0.00038182187892177327,
  "AMP": 0.000648646642065356,
  "AME": 0.000785802422202489,
  "AMGN": 0.0027908431998749073,
  "APH": 0.0026795463875451363,
  "ADI": 0.0025180655564185756,
  "AON": 0.0010496198930037193,
  "APA": 0.0001942030941989713,
  "APO": 0.0010396710424602606,
  "AAPL": 0.05772781313733992,
  "AMAT": 0.00458253639798042,
  "APP": 0.0023258368490855653,
  "APTV": 0.00021867157112440426,
  "ACGL": 0.0005126420647248579,
  "ADM": 0.00048468888236492347,
  "ARES": 0.0005889202992470928,
  "ANET": 0.0028731622189540665,
  "AJG": 0.000854655074248759,
  "AIZ": 0.00016586716721040987,
  "T": 0.0026726075840034927,
  "ATO": 0.00045925122441866094,
  "ADSK": 0.0007523214953068253,
  "ADP": 0.0011909740802347158,
  "AZO": 0.000870127261872807,
  "AVB": 0.00035530601665462766,
  "AVY": 0.00019483279404839613,
  "AXON": 0.0004807850095822375,
  "BKR": 0.0008973116493841327,
  "BALL": 0.0002497966214259016,
  "BAC": 0.005813263887135833,
  "BAX": 0.00013679378727645547,
  "BDX": 0.0008416290242272596,
  "BBY": 0.00019540553366160547,
  "TECH": 0.000138643097299163,
  "BIIB": 0.0003919433853988651,
  "BLK": 0.002441747287512155,
  "BX": 0.0023549412342421345,
  "XYZ": 0.0006196337728175908,
  "BK": 0.0013689128385702552,
  "BA": 0.002623000696971388,
  "BKNG": 0.002195787784287969,
  "BSX": 0.0014355992264153494,
  "BMY": 0.0017581995997763226,
  "AVGO": 0.027806906759322694,
  "BR": 0.0002824407439915642,
  "BRO": 0.0003426988585153665,
  "BLDR": 0.00014182664193611349,
  "BG": 0.0003457834037519736,
  "BXP": 0.00014693869305531346,
  "CHRW": 0.0002977040059990582,
  "CDNS": 0.0012260978248190579,
  "CPT": 0.0001578009274618257,
  "CPB": 9.007389048651809e-05,
  "COF": 0.0018815377019771372,
  "CAH": 0.0007464044255670869,
  "CCL": 0.0005906998704744124,
  "CARR": 0.0007630538934306798,
  "CVNA": 0.0012517039148877782,
  "CASY": 0.0004082608861899199,
  "CAT": 0.005371772044092792,
  "CBOE": 0.00047596686532400443,
  "CBRE": 0.0006463643148788339,
  "CDW": 0.0002493040270993824,
  "COR": 0.0009229526318060425,
  "CNC": 0.00027171220239095704,
  "CNP": 0.0004163794185572973,
  "CF": 0.0002763701785051194,
  "CRL": 0.00013571013485130242,
  "SCHW": 0.002605189436175894,
  "CHTR": 0.00041915235059406024,
  "CVX": 0.005521237173073981,
  "CMG": 0.0006971830072157445,
  "CB": 0.001914062639610063,
  "CHD": 0.000334202601121049,
  "CIEN": 0.0009929195129974974,
  "CI": 0.0010677913408275765,
  "CINF": 0.0003779536942827882,
  "CTAS": 0.0010505921041499573,
  "CSCO": 0.004790944383414131,
  "C": 0.003450424983000545,
  "CFG": 0.0004131350418572204,
  "CLX": 0.00018708483989702046,
  "CME": 0.0016057730282291653,
  "CMS": 0.0003583439163243393,
  "KO": 0.004827956722525846,
  "CTSH": 0.0004390280144052786,
  "COHR": 0.0008787080260979633,
  "COIN": 0.0007715892975966896,
  "CL": 0.000996041582817447,
  "CMCSA": 0.0015392537563914523,
  "FIX": 0.0008634638630627415,
  "CAG": 0.00010056806412970392,
  "COP": 0.002178988034447042,
  "ED": 0.0006105107691809386,
  "STZ": 0.00042339581167379666,
  "CEG": 0.0016192296009172995,
  "COO": 0.00020589746531806224,
  "CPRT": 0.00048384910912416864,
  "GLW": 0.0021570986533542063,
  "CPAY": 0.00032937922300983746,
  "CTVA": 0.0008160294229119395,
  "CSGP": 0.00024598184657315835,
  "COST": 0.006475674521885319,
  "CTRA": 0.0003608827023068042,
  "CRH": 0.0011621499357674476,
  "CRWD": 0.0015476194735345827,
  "CCI": 0.0005629687748817964,
  "CSX": 0.0011658297935211914,
  "CMI": 0.0012288637477778557,
  "CVS": 0.0014400600607339911,
  "DHR": 0.0021057395580454416,
  "DRI": 0.0003407953888268968,
  "DDOG": 0.0006299954549924704,
  "DVA": 0.00014485829771104385,
  "DECK": 0.00023649308537456357,
  "DE": 0.002329043027841098,
  "DELL": 0.0017925537537215445,
  "DAL": 0.0007077367197624758,
  "DVN": 0.0004220766970792692,
  "DXCM": 0.0003705359778899548,
  "FANG": 0.000789590691109739,
  "DLR": 0.0010131518746017603,
  "DG": 0.0003946243424169136,
  "DLTR": 0.000301301805508152,
  "D": 0.000820218953880869,
  "DPZ": 0.00018495568708026762,
  "DASH": 0.0011473537415754552,
  "DOV": 0.0004304572587761688,
  "DOW": 0.0004231436991183388,
  "DHI": 0.0006282742825457523,
  "DTE": 0.00045443914041124497,
  "DUK": 0.0014952088328870647,
  "DD": 0.00028202298458043833,
  "ETN": 0.002281394520042746,
  "EBAY": 0.0006773033644519693,
  "SATS": 0.0005657750382980534,
  "ECL": 0.0011362022679253984,
  "EIX": 0.00041049222156906153,
  "EW": 0.0006738754662170466,
  "EA": 0.0007599756533035087,
  "ELV": 0.0010211108203642867,
  "EME": 0.000536942874711017,
  "EMR": 0.001190159190751104,
  "ETR": 0.0007875587930756702,
  "EOG": 0.001070023104709301,
  "EPAM": 0.00010458696690043765,
  "EQT": 0.000532403012273134,
  "EFX": 0.00034279098657071774,
  "EQIX": 0.0015391772380730542,
  "EQR": 0.00035710985949254304,
  "ERIE": 0.00019264046770797388,
  "ESS": 0.00025815428884193656,
  "EL": 0.0004121532506175188,
  "EG": 0.000209800725954201,
  "EVRG": 0.00028104048937220745,
  "ES": 0.0003866744564232855,
  "EXC": 0.0007371188358075026,
  "EXE": 0.0003469516854372749,
  "EXPE": 0.0004728186262391628,
  "EXPD": 0.0002876095563993519,
  "EXR": 0.00045964587529763066,
  "XOM": 0.009237511769768444,
  "FFIV": 0.00025352361446377865,
  "FDS": 0.0001277336970011902,
  "FICO": 0.0003663113709238716,
  "FAST": 0.0007488530117558242,
  "FRT": 0.00014274486175688996,
  "FDX": 0.0012945912692714403,
  "FIS": 0.0003760124857596846,
  "FITB": 0.0006747868912111493,
  "FSLR": 0.00031927510149468564,
  "FE": 0.00043929613459294534,
  "FISV": 0.0004923220437350384,
  "F": 0.0007547086219822253,
  "FTNT": 0.0008659879881354013,
  "FTV": 0.00028005536193382376,
  "FOXA": 0.0004022414043328376,
  "FOX": 0.0003967890456443942,
  "BEN": 0.00020734979830492074,
  "FCX": 0.0014707714530062287,
  "GRMN": 0.0007657570713683911,
  "IT": 0.0001641209426662482,
  "GE": 0.004968553072331429,
  "GEHC": 0.0005065337910111064,
  "GEV": 0.004022635579163802,
  "GEN": 0.0001801425930310488,
  "GNRC": 0.00018364182164238224,
  "GD": 0.0013691842643492767,
  "GIS": 0.0002753664724190286,
  "GM": 0.0010920453216028759,
  "GPC": 0.00022854321468459914,
  "GILD": 0.002571925392801898,
  "GPN": 0.00029463810062481285,
  "GL": 0.00017527402320099137,
  "GDDY": 0.00016420072066501,
  "GS": 0.004025376526543474,
  "HAL": 0.000473773972748026,
  "HIG": 0.0005707977007177008,
  "HAS": 0.00019468529733785206,
  "HCA": 0.0016452481553295125,
  "DOC": 0.00017715971003226533,
  "HSIC": 0.0001325195046180683,
  "HSY": 0.0005860012784368443,
  "HPE": 0.00048565237042286425,
  "HLT": 0.0011249881104689098,
  "HD": 0.005039823580809767,
  "HON": 0.0021790323538570583,
  "HRL": 0.00016863289122157968,
  "HST": 0.00021408832279998946,
  "HWM": 0.0015220387263329158,
  "HPQ": 0.000263752858733175,
  "HUBB": 0.00042215716374289656,
  "HUM": 0.0003519547897747397,
  "HBAN": 0.0005076656805841777,
  "HII": 0.00023432247493290268,
  "IBM": 0.0034299041167285944,
  "IEX": 0.00022167540483876509,
  "IDXX": 0.0006903786922705171,
  "ITW": 0.001136806089279541,