{
  "MMM": 0.001106653286918254,
  "AOS": 0.0001328314570389475,
  "ABT": 0.002321358773680796,
  "ABBV": 0.005213720604173296,
  "ACN": 0.0016063910244531424,
  "ADBE": 0.0014154875346786512,
  "AMD": 0.007390509100114292,
  "AES": 0.00015137665333607973,
  "AFL": 0.0008847743056541645,
  "APD": 0.0009846443895543831,
  "ABNB": 0.0012500597521974295,
  "AKAM": 0.000204824353931638,
  "ALB": 0.0003315663274245525,
  "ARE": 0.00011676042628117442,
  "ALGN": 0.00020082663355109367,
  "ALLE": 0.00018538561654911188,
  "LNT": 0.0002731434994089809,
  "ALL": 0.0008194756383723456,
  "GOOGL": 0.06035138599622966,
  "GOOG": 0.06003801147711134,
  "MO": 0.001620465517969693,
  "AMZN": 0.04050849840117455,
  "AMCR": 0.0002710320736037949,
  "AEE": 0.00045077099066926626,
  "AEP": 0.0010725378876784454,
  "AXP": 0.003235159092035051,
  "AIG": 0.000599563340707499,
  "AMT": 0.0012145413516787267,
  "AWK": 0.0003844043962688839,
  "AMP": 0.0006316457548861583,
  "AME": 0.0007889751075361689,
  "AMGN": 0.002745636575399526,
  "APH": 0.0027218543728972644,
  "ADI": 0.0029005613910345934,
  "AON": 0.0010192188035263955,
  "APA": 0.00019752620252817102,
  "APO": 0.0010680916133298049,
  "AAPL": 0.05902127843888279,
  "AMAT": 0.004758968828171396,
  "APP": 0.0022713849759484783,
  "APTV": 0.00022256074432999907,
  "ACGL": 0.0005084402540131433,
  "ADM": 0.000493271696454529,
  "ARES": 0.0005619795237615605,
  "ANET": 0.0032393781669798716,
  "AJG": 0.0008268921702567345,
  "AIZ": 0.00016782095952597354,
  "T": 0.002714094584077183,
  "ATO": 0.00045074629247550006,
  "ADSK": 0.000713069285396629,
  "ADP": 0.0011686504291430818,
  "AZO": 0.0008693840338488407,
  "AVB": 0.0003537609516124677,
  "AVY": 0.000189453115321753,
  "AXON": 0.0004554956292478909,
  "BKR": 0.0009351937499215745,
  "BALL": 0.0002476039334969989,
  "BAC": 0.005575743371362387,
  "BAX": 0.00013830565882219414,
  "BDX": 0.0008244929085841493,
  "BBY": 0.0001910832410706272,
  "TECH": 0.00011994411787427795,
  "BIIB": 0.00040483366909970127,
  "BLK": 0.0024176376083238486,
  "BX": 0.002212531098509907,
  "XYZ": 0.0006265464171324469,
  "BK": 0.0013678028758471988,
  "BA": 0.0027014428743733685,
  "BKNG": 0.002060157630269718,
  "BSX": 0.0014278403482802366,
  "BMY": 0.0017657185928623986,
  "AVGO": 0.029730912578322388,
  "BR": 0.00026487065357106424,
  "BRO": 0.0003373463042365686,
  "BLDR": 0.00014688648274378542,
  "BG": 0.00035589758516153407,
  "BXP": 0.0001493541440258057,
  "CHRW": 0.000318509375512341,
  "CDNS": 0.0012960704489834263,
  "CPT": 0.00015771755490312118,
  "CPB": 9.030320557398671e-05,
  "COF": 0.001799868042039244,
  "CAH": 0.0006976796730090999,
  "CCL": 0.0005515060508749526,
  "CARR": 0.0007558774896889883,
  "CVNA": 0.0013118427634801872,
  "CASY": 0.00042868663912075145,
  "CAT": 0.005747475427749506,
  "CBOE": 0.0004594196147295701,
  "CBRE": 0.0006446434191439164,
  "CDW": 0.0002589511799219268,
  "COR": 0.0008769220185016043,
  "CNC": 0.0002898370505385143,
  "CNP": 0.00041115613694202644,
  "CF": 0.0002762923992200285,
  "CRL": 0.00012342902851866005,
  "SCHW": 0.0023283927233500976,
  "CHTR": 0.000456750231549435,
  "CVX": 0.005417402531762334,
  "CMG": 0.0006717155769182249,
  "CB": 0.0018801804535655965,
  "CHD": 0.0003256874978903993,
  "CIEN": 0.0010910958227284303,
  "CI": 0.001087238708205844,
  "CINF": 0.0003811555047413265,
  "CTAS": 0.0010314429707109364,
  "CSCO": 0.005184417516105275,
  "C": 0.0033200940223024533,
  "CFG": 0.0004081168503525845,
  "CLX": 0.0001747130744223362,
  "CME": 0.0014998297082956646,
  "CMS": 0.00034393673549184276,
  "KO": 0.004802781985182922,
  "CTSH": 0.00039242828191575425,
  "COHR": 0.0009479877739749058,
  "COIN": 0.0008006817516459922,
  "CL": 0.0009851035841278036,
  "CMCSA": 0.0016972360166793393,
  "FIX": 0.0009188869473286497,
  "CAG": 0.00010023612072336552,
  "COP": 0.0022297553310965165,
  "ED": 0.0005902121369604475,
  "STZ": 0.0004065387137021175,
  "CEG": 0.0015501476022226862,
  "COO": 0.00018795557750992352,
  "CPRT": 0.0004763092527324269,
  "GLW": 0.0021641027363001448,
  "CPAY": 0.0003158385236289359,
  "CTVA": 0.0007808734405630566,
  "CSGP": 0.00023062251652653025,
  "COST": 0.006561220485697368,
  "CTRA": 0.00037152488769052675,
  "CRH": 0.0011443920070988817,
  "CRWD": 0.0016702792570191082,
  "CCI": 0.0005583683121293357,
  "CSX": 0.001255340609685908,
  "CMI": 0.0013383525577697363,
  "CVS": 0.0014656673105512134,
  "DHR": 0.0018184501957064173,
  "DRI": 0.0003408918138776095,
  "DDOG": 0.0006676504460549377,
  "DVA": 0.00015131463808983907,
  "DECK": 0.00022689260969125424,
  "DE": 0.0023192395247826816,
  "DELL": 0.0020776899908076826,
  "DAL": 0.0006731775061691391,
  "DVN": 0.0004351199490996633,
  "DXCM": 0.00035612823152200853,
  "FANG": 0.0008015458886924484,
  "DLR": 0.0010452619698055655,
  "DG": 0.0003927378785703795,
  "DLTR": 0.0002987878977635568,
  "D": 0.0007973813655833737,
  "DPZ": 0.00018191817298290606,
  "DASH": 0.001128348611941415,
  "DOV": 0.00045807952790300025,
  "DOW": 0.0003923170201496618,
  "DHI": 0.0006895868782026803,
  "DTE": 0.00044571403549563437,
  "DUK": 0.0014526299013845547,
  "DD": 0.00027750282052932575,
  "ETN": 0.0024358085250754,
  "EBAY": 0.0006883170793183214,
  "SATS": 0.0005212935657209279,
  "ECL": 0.0011138526905069604,
  "EIX": 0.00039568277849456684,
  "EW": 0.0006781545518954643,
  "EA": 0.0007416383215649723,
  "ELV": 0.0011045740826644015,
  "EME": 0.000570176686420764,
  "EMR": 0.0011738673830525438,
  "ETR": 0.0007597265113568212,
  "EOG": 0.0010475322853257451,
  "EPAM": 9.633194025568029e-05,
  "EQT": 0.000539149100925382,
  "EFX": 0.0003081237250865766,
  "EQIX": 0.001611562418587696,
  "EQR": 0.0003550220881448868,
  "ERIE": 0.0001907330152877858,
  "ESS": 0.0002574432412930623,
  "EL": 0.00040499573600952395,
  "EG": 0.00020576667694707375,
  "EVRG": 0.0002744120394048227,
  "ES": 0.000376082213990507,
  "EXC": 0.0006952002021538467,
  "EXE": 0.0003372692722487298,
  "EXPE": 0.00045474257412631046,
  "EXPD": 0.0002889420407498503,
  "EXR": 0.0004590400898151675,
  "XOM": 0.009061864167291964,
  "FFIV": 0.0002504023827236841,
  "FDS": 0.00012359553900521316,
  "FICO": 0.0003367631091442031,
  "FAST": 0.0007609089074098425,
  "FRT": 0.00014184978968057334,
  "FDX": 0.00137432883402627,
  "FIS": 0.00034939248856360506,
  "FITB": 0.0006736639167133601,
  "FSLR": 0.0003035820449724531,
  "FE": 0.0004181790563500344,
  "FISV": 0.0004836145528242595,
  "F": 0.0007366269261662489,
  "FTNT": 0.0009008405406461577,
  "FTV": 0.00028348329032447557,
  "FOXA": 0.0004060837154237545,
  "FOX": 0.0003981383904150652,
  "BEN": 0.00020713865561607962,
  "FCX": 0.001353549979843638,
  "GRMN": 0.0007560978551265723,
  "IT": 0.00015165071636362993,
  "GE": 0.004306272996959315,
  "GEHC": 0.00046933276233187513,
  "GEV": 0.004565244349071054,
  "GEN": 0.0001692367145444886,
  "GNRC": 0.00018562792261513867,
  "GD": 0.0012731276253867827,
  "GIS": 0.0002753662169537955,
  "GM": 0.0010354527104794666,
  "GPC": 0.00022458446756848613,
  "GILD": 0.002418121501091035,
  "GPN": 0.00028110183293234806,
  "GL": 0.00017411887904221314,
  "GDDY": 0.00016561471243925913,
  "GS": 0.004092989466702446,
  "HAL": 0.0004896438794832915,
  "HIG": 0.0005630559333908472,
  "HAS": 0.00020463857795474118,
  "HCA": 0.0015621199917037853,
  "DOC": 0.00016687823186780013,
  "HSIC": 0.0001313372313028597,
  "HSY": 0.0005696841013281015,
  "HPE": 0.0005490112935162762,
  "HLT": 0.0011247471117348943,
  "HD": 0.004949019750684375,
  "HON": 0.0019932263644222947,
  "HRL": 0.00017400004895824938,
  "HST": 0.00021475253326230922,
  "HWM": 0.0014712747596892994,
  "HPQ": 0.00027065164948330856,
  "HUBB": 0.00043558984422547995,
  "HUM": 0.00037984224422958764,
  "HBAN": 0.0004897385658839074,
  "HII": 0.00021281799628055924,
  "IBM": 0.0031837034026767604,
  "IEX": 0.0002255452542821743,
  "IDXX": 0.0006607936999312013,
  "ITW": 0.001149646008298993,
  "INCY": 0.00027990849653864147,