{
  "MMM": 0.00121460910574534,
  "AOS": 0.00014204783099909987,
  "ABT": 0.002853348588971527,
  "ABBV": 0.005896288098769916,
  "ACN": 0.0019778179571973264,
  "ADBE": 0.0015806376097883303,
  "AMD": 0.005660461932415174,
  "AES": 0.00016276639071794967,
  "AFL": 0.0009242828723910086,
  "A": 0.0005213658788512052,
  "APD": 0.0010433067234091418,
  "ABNB": 0.0011957244179126264,
  "AKAM": 0.0002729042461185667,
  "ALB": 0.0003351201744107487,
  "ARE": 0.00011958597741503294,
  "ALGN": 0.0001953873747675671,
  "ALLE": 0.00019396882308959373,
  "LNT": 0.00030033775670666155,
  "ALL": 0.0008576817190979614,
  "GOOGL": 0.057111997204008065,
  "GOOG": 0.05685904053789334,
  "MO": 0.0017620698234648425,
  "AMZN": 0.035944940565772014,
  "AMCR": 0.00029449623850471516,
  "AEE": 0.0004927736593711248,
  "AEP": 0.0011512011239500246,
  "AXP": 0.003289954820022496,
  "AIG": 0.0006495831006891256,
  "AMT": 0.0012982317676870291,
  "AWK": 0.00043059897051714167,
  "AMP": 0.0006435283077390147,
  "AME": 0.0007981580575934027,
  "AMGN": 0.0029939404536774975,
  "APH": 0.002511500943116955,
  "ADI": 0.0024807797029058882,
  "AON": 0.0011086486926510245,
  "APA": 0.0002370512539064688,
  "APO": 0.0009917128681066433,
  "AAPL": 0.06004208835015447,
  "AMAT": 0.004414362568191474,
  "APP": 0.0020842883466974304,
  "APTV": 0.0002445009630895924,
  "ACGL": 0.0005501540469579712,
  "ADM": 0.000567911817697073,
  "ARES": 0.0005410593696490223,
  "ANET": 0.002546406082066384,
  "AJG": 0.0008930513942477913,
  "AIZ": 0.00017447919209091108,
  "T": 0.003165745228154988,
  "ATO": 0.0004990294026395934,
  "ADSK": 0.0008056646487602487,
  "ADP": 0.0013170748728281937,
  "AZO": 0.0008993088047468173,
  "AVB": 0.00037523531077962233,
  "AVY": 0.00021052622051817295,
  "AXON": 0.0005297722514663157,
  "BKR": 0.0009558595653319905,
  "BALL": 0.0002547774780281612,
  "BAC": 0.005656793763662563,
  "BAX": 0.00013745286185595654,
  "BDX": 0.0008935411677421198,
  "BBY": 0.00021573074222941462,
  "TECH": 0.00013268446804404983,
  "BIIB": 0.00041543737197304677,
  "BLK": 0.0023997760967158755,
  "BX": 0.0022056186640831282,
  "XYZ": 0.0005798500384486316,
  "BK": 0.0013594652885459703,
  "BA": 0.002611887052569639,
  "BKNG": 0.002158081278799135,
  "BSX": 0.0014902648216817147,
  "BMY": 0.001942411472212053,
  "AVGO": 0.02380565887020452,
  "BR": 0.00029990561708434624,
  "BRO": 0.00035836486629579753,
  "BLDR": 0.00013968727771080592,
  "BG": 0.000399759030028548,
  "BXP": 0.00014634255153333516,
  "CHRW": 0.0003177985969525724,
  "CDNS": 0.001228337147536445,
  "CPT": 0.00016843809658400704,
  "CPB": 0.0001047478951533602,
  "COF": 0.0018060035062444442,
  "CAH": 0.0008040114752448174,
  "CCL": 0.0005669008221633923,
  "CARR": 0.000743282438738064,
  "CVNA": 0.0011045929418300145,
  "CAT": 0.005357655726450519,
  "CBOE": 0.0004844303473000377,
  "CBRE": 0.0006488867867504526,
  "CDW": 0.00025356004012252185,
  "COR": 0.0010085551658157639,
  "CNC": 0.00027560723548702954,
  "CNP": 0.00045641770292881794,
  "CF": 0.0003188044600313999,
  "CRL": 0.00013664085519291916,
  "SCHW": 0.0026596925023746236,
  "CHTR": 0.000444268365021581,
  "CVX": 0.006349985600626576,
  "CMG": 0.0006998948883837897,
  "CB": 0.0020497233227817083,
  "CHD": 0.00035107249791017784,
  "CIEN": 0.0010110790259716936,
  "CI": 0.0011513499324499702,
  "CINF": 0.00039366634844675076,
  "CTAS": 0.0011132359958026833,
  "CSCO": 0.0049836777363467324,
  "C": 0.0032181441269811374,
  "CFG": 0.00041812236505872846,
  "CLX": 0.00019692843520071305,
  "CME": 0.0017669689968031184,
  "CMS": 0.0003863256630657621,
  "KO": 0.005270985890102653,
  "CTSH": 0.00048181747010866174,
  "COHR": 0.0007725805178690282,
  "COIN": 0.000738024908902336,
  "CL": 0.0010903526352774539,
  "CMCSA": 0.001624546970616271,
  "FIX": 0.0007979084960625187,
  "CAG": 0.00012003600707504495,
  "COP": 0.0025466213182622627,
  "ED": 0.0006657105160878755,
  "STZ": 0.0004201755758355467,
  "CEG": 0.0015777336210653168,
  "COO": 0.00021854270636381958,
  "CPRT": 0.0005160898460253697,
  "GLW": 0.0020282575005197995,
  "CPAY": 0.0003275703333217962,
  "CTVA": 0.0009174158439422937,
  "CSGP": 0.0002702692372588113,
  "COST": 0.007191172067497715,
  "CTRA": 0.0004189023347424278,
  "CRH": 0.001116281601050689,
  "CRWD": 0.0016157434702205502,
  "CCI": 0.0005901271091307195,
  "CSX": 0.0012238123491852904,
  "CMI": 0.0012122855747826585,
  "CVS": 0.001492392077109758,
  "DHR": 0.002158989298327801,
  "DRI": 0.0003608324655931142,
  "DDOG": 0.0006798271860528276,
  "DVA": 0.00015534317742437042,
  "DECK": 0.00022871063882598923,
  "DE": 0.0024821935144185513,
  "DELL": 0.0018444948254320145,
  "DAL": 0.0006960043568419371,
  "DVN": 0.0004909336579608805,
  "DXCM": 0.00038735418086569294,
  "FANG": 0.0008729698964012367,
  "DLR": 0.0010144995946411348,
  "DG": 0.00042092429311899385,
  "DLTR": 0.000344205338698282,
  "D": 0.0008806819819069794,
  "DPZ": 0.0001990541868521752,
  "DASH": 0.0010848939262878014,
  "DOV": 0.00044213833087594206,
  "DOW": 0.0004755528022530918,
  "DHI": 0.0006490862006014341,
  "DTE": 0.0004915827337004274,
  "DUK": 0.0016424540729080422,
  "DD": 0.000304161631717014,
  "ETN": 0.0022387326089796105,
  "EBAY": 0.00067921639123451,
  "SATS": 0.0005933593788195619,
  "ECL": 0.001191409625230112,
  "EIX": 0.0004513371610585348,
  "EW": 0.0007514068859350002,
  "EA": 0.0008133057298587241,
  "ELV": 0.0010594933745288718,
  "EME": 0.0005404264431623253,
  "EMR": 0.0011820911794277256,
  "ETR": 0.0008396340463866461,
  "EOG": 0.0012215174553592417,
  "EPAM": 0.00012167950411508442,
  "EQT": 0.0005949015343943484,
  "EFX": 0.0003512112703359838,
  "EQIX": 0.0015689550964371613,
  "EQR": 0.00037725609228755967,
  "ERIE": 0.00020825767547309,
  "ESS": 0.0002729789445856966,
  "EL": 0.000399098643273847,
  "EG": 0.0002108814060084866,
  "EVRG": 0.0003045086445085169,
  "ES": 0.0004167753408407465,
  "EXC": 0.0008056689639452209,
  "EXE": 0.0003986581021171543,
  "EXPE": 0.00044067299866997617,
  "EXPD": 0.0003107248972963322,
  "EXR": 0.00047348599210545253,
  "XOM": 0.010687675439181811,
  "FFIV": 0.0002750886614020921,
  "FDS": 0.00013599515477798104,
  "FICO": 0.0004126483894676975,
  "FAST": 0.0008486774972194495,
  "FRT": 0.00014816068280156197,
  "FDX": 0.0013773449305697376,
  "FIS": 0.0003826373240924866,
  "FITB": 0.0006809693370570226,
  "FSLR": 0.0003345695960372685,
  "FE": 0.000473341891080022,
  "FISV": 0.0004821535314837583,
  "F": 0.0007427028963199986,
  "FTNT": 0.0009796588565583345,
  "FTV": 0.00028431511530666503,
  "FOXA": 0.00039804740537122244,
  "FOX": 0.0003939905757539694,
  "BEN": 0.00019474874373710024,
  "FCX": 0.0014081214836063553,
  "GRMN": 0.0007301646687125526,
  "IT": 0.00018160913626036663,
  "GE": 0.0047339634740673755,
  "GEHC": 0.0005123900652737592,
  "GEV": 0.003891616091675572,
  "GEN": 0.00018595709375465494,
  "GNRC": 0.0001818104788682674,
  "GD": 0.001509229013528459,
  "GIS": 0.0003187727826508096,
  "GM": 0.0010801652027559218,
  "GPC": 0.00022977678373124457,
  "GILD": 0.0027680002453305576,
  "GPN": 0.00028616704885717296,
  "GL": 0.00017899575236166441,
  "GDDY": 0.00017617615492657025,
  "GS": 0.00408809953977144,
  "HAL": 0.0005127871603635742,
  "HIG": 0.0006063030376696097,
  "HAS": 0.00020246949230358233,
  "HCA": 0.0016842448086778839,
  "DOC": 0.00018333725342389225,
  "HSIC": 0.00013894501685941918,
  "HSY": 0.0006671100744138127,
  "HPE": 0.0005219988380286974,
  "HLT": 0.0011314256773285337,
  "HOLX": 0.00026957898746265594,
  "HD": 0.005113478500306217,
  "HON": 0.002328194239241217,
  "HRL": 0.00019403422102547707,
  "HST": 0.0002128514023660141,
  "HWM": 0.001494928621294242,
  "HPQ": 0.000285882900464922,
  "HUBB": 0.0004194114284967449,
  "HUM": 0.0003423208451157122,
  "HBAN": 0.0005134453241441987,
  "HII": 0.0002492956239554767,
  "IBM": 0.0037172308365847916,
  "IEX": 0.0002260426449538338,
  "IDXX": 0.0007238882975522858,
  "ITW": 0.001187852605181327,