{
  "MMM": 0.0012049414227238001,
  "AOS": 0.00014171870957117524,
  "ABT": 0.002846164633129023,
  "ABBV": 0.005726964131825222,
  "ACN": 0.001951108979257557,
  "ADBE": 0.0015677645866218257,
  "AMD": 0.0056871112993830495,
  "AES": 0.00016357637937572858,
  "AFL": 0.0009270691960372143,
  "A": 0.0005123974419959138,
  "APD": 0.001055196157359768,
  "ABNB": 0.0011958043358154397,
  "AKAM": 0.000267514074092209,
  "ALB": 0.0003262620168339123,
  "ARE": 0.00011908316257235319,
  "ALGN": 0.0001914685376844578,
  "ALLE": 0.00019211382590459582,
  "LNT": 0.00030180581646024207,
  "ALL": 0.0008729415852153294,
  "GOOGL": 0.05824138249647451,
  "GOOG": 0.05790696632336967,
  "MO": 0.0018039535966421756,
  "AMZN": 0.03614789427464733,
  "AMCR": 0.000286359332250229,
  "AEE": 0.0004978206298714178,
  "AEP": 0.0011602908385612773,
  "AXP": 0.003344178534403573,
  "AIG": 0.0006545048604308523,
  "AMT": 0.00130580093641153,
  "AWK": 0.0004318878087701633,
  "AMP": 0.0006331897388010123,
  "AME": 0.0007989035738702236,
  "AMGN": 0.002917055625481705,
  "APH": 0.0024752610245531103,
  "ADI": 0.0025239188150872564,
  "AON": 0.001111482868040591,
  "APA": 0.00024610456486593324,
  "APO": 0.0009782104043120706,
  "AAPL": 0.0582944684961922,
  "AMAT": 0.004427230388104185,
  "APP": 0.002189704938625121,
  "APTV": 0.00023382913960466828,
  "ACGL": 0.0005547960483795013,
  "ADM": 0.0005606414499098025,
  "ARES": 0.0005388602320892188,
  "ANET": 0.002610075130477377,
  "AJG": 0.0008984503910759536,
  "AIZ": 0.000175051380753312,
  "T": 0.003180969908926266,
  "ATO": 0.0005022863512325408,
  "ADSK": 0.0007963066022061243,
  "ADP": 0.001322857917190489,
  "AZO": 0.000902575549124068,
  "AVB": 0.00038030390428935436,
  "AVY": 0.0002051276142203143,
  "AXON": 0.0004923107703390157,
  "BKR": 0.000966602567817459,
  "BALL": 0.00025163994121204494,
  "BAC": 0.005753165813532838,
  "BAX": 0.0001366270960502388,
  "BDX": 0.0008987886242361988,
  "BBY": 0.00021305146278679951,
  "TECH": 0.00013254063987037769,
  "BIIB": 0.00040444993179309665,
  "BLK": 0.0023727503186707116,
  "BX": 0.0021918452659857417,
  "XYZ": 0.0005828066506505171,
  "BK": 0.0013792146637304195,
  "BA": 0.0026208752244394873,
  "BKNG": 0.0022339262495743696,
  "BSX": 0.0014528859549772738,
  "BMY": 0.001900627237033736,
  "AVGO": 0.024789527741872718,
  "BR": 0.00029913654442237787,
  "BRO": 0.00036108014399305484,
  "BLDR": 0.0001403859770573173,
  "BG": 0.0003968155308645683,
  "BXP": 0.000145313610179926,
  "CHRW": 0.000316593294085962,
  "CDNS": 0.001221188560550866,
  "CPT": 0.00017008070544269034,
  "CPB": 0.00010093052591366425,
  "COF": 0.0018106971243769471,
  "CAH": 0.0008002840088776208,
  "CCL": 0.0005524773822848645,
  "CARR": 0.0007353492151781768,
  "CVNA": 0.001087624860546,
  "CAT": 0.005371964373781967,
  "CBOE": 0.0005029696439160558,
  "CBRE": 0.0006441362057395145,
  "CDW": 0.00025856062619492476,
  "COR": 0.0009974709875858391,
  "CNC": 0.0002855936309246243,
  "CNP": 0.00046030497346977585,
  "CF": 0.00033600015187896327,
  "CRL": 0.00013140665954150378,
  "SCHW": 0.0026222888066904176,
  "CHTR": 0.0004458794899986751,
  "CVX": 0.006506261209603029,
  "CMG": 0.0006915163505402677,
  "CB": 0.0020583919692751767,
  "CHD": 0.0003506658051799374,
  "CIEN": 0.0009913449175142594,
  "CI": 0.0011809518764647746,
  "CINF": 0.00040069950169216635,
  "CTAS": 0.001088307759400879,
  "CSCO": 0.005072245553721216,
  "C": 0.003259924148773062,
  "CFG": 0.0004206575226612941,
  "CLX": 0.00020252924774646235,
  "CME": 0.0018089016596252784,
  "CMS": 0.0003896675083015391,
  "KO": 0.005258213536074798,
  "CTSH": 0.0004755093843448414,
  "COHR": 0.0007546710388048483,
  "COIN": 0.0007247157763672137,
  "CL": 0.0010784308653997328,
  "CMCSA": 0.0016174903091406778,
  "FIX": 0.0008042146155795357,
  "CAG": 0.00011956563547054508,
  "COP": 0.0026032314389928413,
  "ED": 0.0006676160064673031,
  "STZ": 0.0004264552052885294,
  "CEG": 0.0015620330672054437,
  "COO": 0.0002154448578651234,
  "CPRT": 0.0005105911141377012,
  "GLW": 0.0019978090476419894,
  "CPAY": 0.0003336593001044966,
  "CTVA": 0.000917350949338283,
  "CSGP": 0.0002720766937073222,
  "COST": 0.007194348100380732,
  "CTRA": 0.0004290638277164447,
  "CRH": 0.0011260314229604518,
  "CRWD": 0.0016291542005778179,
  "CCI": 0.0005960761814367587,
  "CSX": 0.0012286138056546083,
  "CMI": 0.0012183038970681453,
  "CVS": 0.00159325120680262,
  "DHR": 0.0021422604028423766,
  "DRI": 0.00035781067711387833,
  "DDOG": 0.0006481882429375392,
  "DVA": 0.0001604840205160808,
  "DECK": 0.00023521095301229166,
  "DE": 0.0024765874393992654,
  "DELL": 0.0018542270035175358,
  "DAL": 0.0006846588094153649,
  "DVN": 0.0005021214026721494,
  "DXCM": 0.0003932801311989113,
  "FANG": 0.000897549836261561,
  "DLR": 0.0010135049328445995,
  "DG": 0.0004265459827891347,
  "DLTR": 0.0003357091453359888,
  "D": 0.0008864613284616632,
  "DPZ": 0.00020285299129480696,
  "DASH": 0.0010718854991069913,
  "DOV": 0.0004446402425572952,
  "DOW": 0.00047932128453204566,
  "DHI": 0.0006402505611402134,
  "DTE": 0.000497178393823209,
  "DUK": 0.0016520781778239537,
  "DD": 0.0003030050574760117,
  "ETN": 0.002253833499468502,
  "EBAY": 0.0007036110248671206,
  "SATS": 0.0005738375316554241,
  "ECL": 0.001183909398245161,
  "EIX": 0.00044724824142320345,
  "EW": 0.0007511904469577057,
  "EA": 0.0008172385285731055,
  "ELV": 0.0011032975336693071,
  "EME": 0.000545574058581023,
  "EMR": 0.0011929464526799693,
  "ETR": 0.0008416811090397796,
  "EOG": 0.0012543799128907733,
  "EPAM": 0.00011719059444761289,
  "EQT": 0.0006058389964096676,
  "EFX": 0.0003520092531146007,
  "EQIX": 0.0015766254683801158,
  "EQR": 0.0003805585801406549,
  "ERIE": 0.00021146288934525945,
  "ESS": 0.00027532415541146047,
  "EL": 0.00039880951806785004,
  "EG": 0.00021270553355862512,
  "EVRG": 0.0003069949682067023,
  "ES": 0.0004190736095252804,
  "EXC": 0.0008080919897774802,
  "EXE": 0.00039694766037195697,
  "EXPE": 0.0004417931897093157,
  "EXPD": 0.00031273554568171305,
  "EXR": 0.0004711533770779063,
  "XOM": 0.010976997584577217,
  "FFIV": 0.00027967294248673505,
  "FDS": 0.00013561435750791994,
  "FICO": 0.0004131497048201969,
  "FAST": 0.0008348934068596666,
  "FRT": 0.0001489223440195174,
  "FDX": 0.0013645864241498683,
  "FIS": 0.00038268630498492244,
  "FITB": 0.0006893005393577411,
  "FSLR": 0.00032902751433518026,
  "FE": 0.00047339304771196585,
  "FISV": 0.000480726858934043,
  "F": 0.0007343682536839277,
  "FTNT": 0.0009825490174809144,
  "FTV": 0.0002884844315702563,
  "FOXA": 0.0004061683702273682,
  "FOX": 0.00040159621667735764,
  "BEN": 0.00019580524734822736,
  "FCX": 0.001392918062397356,
  "GRMN": 0.0007320115174878078,
  "IT": 0.00017487169643812253,
  "GE": 0.004829193423336953,
  "GEHC": 0.0005062474796537481,
  "GEV": 0.0038731444783935546,
  "GEN": 0.00018871265616571966,
  "GNRC": 0.0001794815590800331,
  "GD": 0.001513891454736923,
  "GIS": 0.0003167308387370961,
  "GM": 0.0010737144392927228,
  "GPC": 0.00023275164086601193,
  "GILD": 0.00274335593024536,
  "GPN": 0.0002842172654797993,
  "GL": 0.0001819788920992164,
  "GDDY": 0.00017892471820773722,
  "GS": 0.00408663871943394,
  "HAL": 0.0005116333816229592,
  "HIG": 0.0006092404287009678,
  "HAS": 0.00020113335496510084,
  "HCA": 0.001734285048375736,
  "DOC": 0.00018778893109990723,
  "HSIC": 0.0001390373765313326,
  "HSY": 0.0006708967302816596,
  "HPE": 0.0005184038866192989,
  "HLT": 0.0011361998157903674,
  "HOLX": 0.000271924544577602,
  "HD": 0.005079592295650176,
  "HON": 0.00227447694635959,
  "HRL": 0.00018972497626511278,
  "HST": 0.0002138539706803467,
  "HWM": 0.001515886984435696,
  "HPQ": 0.0002726616276889884,
  "HUBB": 0.00042416640453212494,
  "HUM": 0.0003737149214751723,
  "HBAN": 0.0005172552197642063,
  "HII": 0.0002555300820216075,
  "IBM": 0.0036456472663704254,
  "IEX": 0.0002269414049510031,
  "IDXX": 0.0007285275124591529,
  "ITW": 0.001192744024761049,
  "INCY": 0.0002984446531469761,