{
  "MMM": 0.001108537432685558,
  "AOS": 0.0001258329718157249,
  "ABT": 0.002291379442702342,
  "ABBV": 0.0054710824483007675,
  "ACN": 0.0015925022203478415,
  "ADBE": 0.0014222001625362592,
  "AMD": 0.00826165592916037,
  "AES": 0.00015003339771953202,
  "AFL": 0.0008421059296889403,
  "A": 0.0004695286343329382,
  "APD": 0.0009744730136725779,
  "ABNB": 0.001209195920814495,
  "AKAM": 0.00021621445570484932,
  "ALB": 0.0003335043788131386,
  "ARE": 0.00010396383807360057,
  "ALGN": 0.00018118716766697064,
  "ALLE": 0.00017173772432371192,
  "LNT": 0.0002718963470485187,
  "ALL": 0.0008124880640968269,
  "GOOGL": 0.06611618573102106,
  "GOOG": 0.0655565278212675,
  "MO": 0.0017562022351071253,
  "AMZN": 0.04035445922740585,
  "AMCR": 0.0002555077646089874,
  "AEE": 0.00045353633273899493,
  "AEP": 0.00107475339733883,
  "AXP": 0.0031793810069592364,
  "AIG": 0.0005764044568665384,
  "AMT": 0.0012284204057184855,
  "AWK": 0.00038037056083153306,
  "AMP": 0.0006287102561402675,
  "AME": 0.0007816729371195671,
  "AMGN": 0.0027256563657034206,
  "APH": 0.0026085633335775293,
  "ADI": 0.0028379096607069466,
  "AON": 0.0009569665093130441,
  "APA": 0.00020625918236699887,
  "APO": 0.001076101127045948,
  "AAPL": 0.05788125687885667,
  "AMAT": 0.004510969134104734,
  "APP": 0.0021510970348159195,
  "APTV": 0.0002192122945692005,
  "ACGL": 0.0004830849138862937,
  "ADM": 0.0005286287714856213,
  "ARES": 0.0005633321569751356,
  "ANET": 0.0031102629162088383,
  "AJG": 0.0007591221443956994,
  "AIZ": 0.0001701665381514909,
  "T": 0.0026488897958205195,
  "ATO": 0.00045178509328114064,
  "ADSK": 0.0007264467196631656,
  "ADP": 0.0012386000131045741,
  "AZO": 0.0008790495023112645,
  "AVB": 0.00037324372306434705,
  "AVY": 0.000184997856754642,
  "AXON": 0.00046766051270089905,
  "BKR": 0.0009996540569214448,
  "BALL": 0.00023362555636557668,
  "BAC": 0.005532016585463248,
  "BAX": 0.00013336821297519794,
  "BDX": 0.0006110505465893232,
  "BBY": 0.00018277050613447148,
  "TECH": 0.0001232879881606054,
  "BIIB": 0.0004105914896547672,
  "BLK": 0.002396588273759073,
  "BX": 0.0022169644386389772,
  "XYZ": 0.0006070450786684946,
  "BK": 0.0013348990252004913,
  "BA": 0.0025960853508344758,
  "BKNG": 0.0019011888455815315,
  "BSX": 0.0012307144972798075,
  "BMY": 0.0017818276626568252,
  "AVGO": 0.02833430190798184,
  "BR": 0.00025885510467552996,
  "BRO": 0.0002896463435423621,
  "BLDR": 0.00012598503168677238,
  "BG": 0.00036469856220767066,
  "BXP": 0.00015049633026052882,
  "CHRW": 0.00031531770290090417,
  "CDNS": 0.001303387543442545,
  "CPT": 0.00015356047871160894,
  "CPB": 8.923569498600468e-05,
  "COF": 0.0017633846134747701,
  "CAH": 0.0006371895536389278,
  "CCL": 0.0005403249020266073,
  "CARR": 0.0008191281853326215,
  "CVNA": 0.0012314040693840588,
  "CASY": 0.0004377318339359981,
  "CAT": 0.006015367719399626,
  "CBOE": 0.0004664543862386573,
  "CBRE": 0.0006035089838564182,
  "CDW": 0.0002539825846170608,
  "COR": 0.0008567490736438843,
  "CNC": 0.0003805135325111289,
  "CNP": 0.00041049733539635675,
  "CF": 0.00027892278335531434,
  "CRL": 0.00011800880500182933,
  "SCHW": 0.0023354789769525104,
  "CHTR": 0.0003341018195624776,
  "CVX": 0.005598376387796641,
  "CMG": 0.0006410782286313143,
  "CB": 0.0018389144753543092,
  "CHD": 0.00033268810750302,
  "CIEN": 0.001047718720016801,
  "CI": 0.0011183355442707442,
  "CINF": 0.0003677324414777294,
  "CTAS": 0.0010085337703184323,
  "CSCO": 0.005193571978821611,
  "C": 0.003269890707231852,
  "CFG": 0.0004006292254004155,
  "CLX": 0.00016898318422789476,
  "CME": 0.001507839306156742,
  "CMS": 0.0003412117006385755,
  "KO": 0.0048965611955967625,
  "CTSH": 0.00036352575415598805,
  "COHR": 0.0008356991563213833,
  "COIN": 0.0007233108027607694,
  "CL": 0.0009914037045010552,
  "CMCSA": 0.001401003822698783,
  "FIX": 0.0009289827332673727,
  "CAG": 9.885837918988062e-05,
  "COP": 0.0022545114314753926,
  "ED": 0.0005895286382829548,
  "STZ": 0.00038979919504248273,
  "CEG": 0.001636423620095842,
  "COO": 0.00017848910525190934,
  "CPRT": 0.00046546729857726123,
  "GLW": 0.002091102238842561,
  "CPAY": 0.0002913727726837822,
  "CTVA": 0.0007909770437710519,
  "CSGP": 0.00021134618969344263,
  "COST": 0.006499387125456361,
  "CTRA": 0.0003947145233088042,
  "CRH": 0.0011427914956098173,
  "CRWD": 0.0016376110644493059,
  "CCI": 0.0005569666746378073,
  "CSX": 0.0012101289553044748,
  "CMI": 0.0013443743051862237,
  "CVS": 0.0015486789909166668,
  "DHR": 0.0018456687121462688,
  "DRI": 0.00033196602019989265,
  "DDOG": 0.0006769801249463709,
  "DVA": 0.00014598183437266641,
  "DECK": 0.00021320242676742962,
  "DE": 0.002320078017648831,
  "DELL": 0.0019390358231073028,
  "DAL": 0.0006494215751154609,
  "DVN": 0.00046195574634439135,
  "DXCM": 0.00032744789498516576,
  "FANG": 0.0008423380876139435,
  "DLR": 0.001025435367034832,
  "DG": 0.0003662621476174828,
  "DLTR": 0.00027718885757151845,
  "D": 0.0008140593246405001,
  "DPZ": 0.00016321569298865136,
  "DASH": 0.0010779156714838649,
  "DOV": 0.00043860456805258223,
  "DOW": 0.00041945070627954465,
  "DHI": 0.0006352401291354082,
  "DTE": 0.00045129816850968314,
  "DUK": 0.0014507146532644088,
  "DD": 0.00027315771662541076,
  "ETN": 0.0024036467790360316,
  "EBAY": 0.000657843338858745,
  "SATS": 0.0005158076686109699,
  "ECL": 0.0010693304690373557,
  "EIX": 0.00039025131397433827,
  "EW": 0.0006854656696470111,
  "EA": 0.0007338184179993807,
  "ELV": 0.001180166898631853,
  "EME": 0.0005743778050471155,
  "EMR": 0.0011465536201392405,
  "ETR": 0.0007699177258970004,
  "EOG": 0.0010907514701574592,
  "EPAM": 8.623881551338609e-05,
  "EQT": 0.00054712822397698,
  "EFX": 0.00030240298124229766,
  "EQIX": 0.0015310190433770758,
  "EQR": 0.0003657789414186324,
  "ERIE": 0.0001653150949625585,
  "ESS": 0.00026244941746034233,
  "EL": 0.00040303332721374434,
  "EG": 0.0002061591825124501,
  "EVRG": 0.00027626620533625733,
  "ES": 0.0003805206424219536,
  "EXC": 0.000703358727066193,
  "EXE": 0.0003540637122887367,
  "EXPE": 0.00044988793703418565,
  "EXPD": 0.00028558958906813704,
  "EXR": 0.0004563315986420045,
  "XOM": 0.009374106252183132,
  "FFIV": 0.000265650900234946,
  "FDS": 0.00011985550021850663,
  "FICO": 0.00033059621704577903,
  "FAST": 0.0007380790097496337,
  "FRT": 0.0001391186434033202,
  "FDX": 0.0013590407125313973,
  "FIS": 0.0003479711731807659,
  "FITB": 0.0006669632422975669,
  "FSLR": 0.0003060562259657866,
  "FE": 0.0004155260057557411,
  "FISV": 0.0004846846140732656,
  "F": 0.0006933376796160691,
  "FTNT": 0.0009019628112414484,
  "FTV": 0.0002677751273995778,
  "FOXA": 0.00039212978811251537,
  "FOX": 0.0003527685185754109,
  "BEN": 0.00022772557982148932,
  "FCX": 0.0012004281810758508,
  "GRMN": 0.0006963075994372866,
  "IT": 0.00014670241937246047,
  "GE": 0.004393282320304949,
  "GEHC": 0.00039665237561437077,
  "GEV": 0.0042533126295004895,
  "GEN": 0.0001690912905707269,
  "GNRC": 0.00021907918454415858,
  "GD": 0.0013411161216165077,
  "GIS": 0.000271399515999636,
  "GM": 0.0010085572122001472,
  "GPC": 0.0002141890830744033,
  "GILD": 0.0023754532159981612,
  "GPN": 0.00028490391402797796,
  "GL": 0.00017449120834490866,
  "GDDY": 0.00016469625010929334,
  "GS": 0.0039714695767054066,
  "HAL": 0.0005114176110368299,
  "HIG": 0.0005472174102223874,
  "HAS": 0.0001941193517425398,
  "HCA": 0.0013956434854114307,
  "DOC": 0.00016294852098398005,
  "HSIC": 0.00012360101760266684,
  "HSY": 0.0005404857228547169,
  "HPE": 0.0005451495863670593,
  "HLT": 0.0010671531109073143,
  "HD": 0.004748316639541288,
  "HON": 0.0019678662437641473,
  "HRL": 0.00017053597090285606,
  "HST": 0.00021515554009497547,
  "HWM": 0.0014086909749863993,
  "HPQ": 0.0002741541155926149,
  "HUBB": 0.0004016679268495975,
  "HUM": 0.0004179516157930291,
  "HBAN": 0.0004899720970861006,
  "HII": 0.00020855819731845245,
  "IBM": 0.0031319443959029205,
  "IEX": 0.00023562939102348267,
  "IDXX": 0.0006461883803536643,
  "ITW": 0.0010758370786422668,